Country Code,Country,201401,201402,201403,201404,201405,201406,201407,201408,201409,201410,201411,201412,201501,201502,201503,201504,201505,201506,201507,201508,201509,201510,201511,201512,201601,201602,201603,201604,201605,201606,201607,201608,201609,201610,201611,201612,201701,201702,201703,201704,201705,201706,201707,201708,201709,201710,201711,201712,201801,201802,201803,201804,201805,201806,201807,201808,201809,201810,201811,201812,201901,201902,201903,201904,201905,201906,201907,201908,201909,201910,201911,201912
ABW,Aruba,101.9,102.1,102.3,102.4,102.7,102.8,103.3,103.1,103.0,103.8,103.2,104.5,102.9,102.8,103.7,103.5,103.9,103.5,104.2,103.8,103.3,102.9,102.9,103.5,102.4,102.2,101.8,101.8,102.2,102.6,103.0,102.4,102.6,102.8,102.9,102.6,101.4,101.4,101.2,101.4,101.6,101.4,101.1,101.1,100.9,101.5,101.4,102.1,102.5,103.6,104.5,104.3,104.7,105.2,106.4,105.9,105.7,105.5,105.9,106.6,106.2,106.6,108.1,109.0,109.4,110.3,110.4,110.1,110.3,110.9,110.9,112.2
AFG,Afghanistan,133.7,132.1,132.0,132.9,133.6,133.6,135.7,134.5,133.4,134.1,134.3,135.2,135.0,132.5,131.3,131.2,131.0,130.9,130.7,131.7,133.4,134.1,135.9,136.7,136.8,136.6,136.5,137.1,136.7,137.3,138.5,138.9,140.2,140.8,142.2,143.0,141.9,142.1,146.3,146.2,146.9,147.6,145.6,145.2,145.5,146.1,146.6,147.3,148.0,147.2,146.6,145.5,145.3,145.2,145.4,145.3,145.9,147.3,148.2,148.5,148.6,147.7,149.2,150.8,152.4,151.0,149.4,149.5,148.6,148.9,150.0,152.6
AGO,Angola,141.6,142.3,143.0,143.7,144.6,145.4,146.3,147.2,148.1,149.1,149.9,151.0,152.1,153.1,153.9,155.0,156.6,158.3,160.1,161.7,163.4,165.3,167.3,169.6,175.3,181.0,186.9,192.7,199.1,205.3,214.1,221.1,225.9,229.3,234.6,239.4,244.8,250.4,255.2,259.8,263.9,268.0,272.5,276.8,282.7,289.5,292.5,296.0,300.4,304.1,308.6,312.3,316.3,320.3,324.3,328.2,337.1,341.7,346.2,351.1,355.1,358.8,362.7,366.5,370.5,374.5,380.2,385.7,391.3,396.7,402.7,410.4
ALB,Albania,109.3,110.8,111.4,110.7,109.5,108.8,108.2,108.3,108.6,108.7,108.4,109.2,110.7,113.3,113.8,113.3,111.5,110.3,109.5,110.4,111.0,111.0,110.7,111.4,112.3,113.6,114.1,113.6,112.2,111.6,111.6,112.6,113.0,112.7,112.7,113.8,115.5,116.1,116.5,115.8,114.4,114.0,113.9,114.3,114.8,114.8,114.6,115.8,117.5,118.5,118.8,118.2,116.8,116.8,116.5,116.9,117.2,117.0,116.7,117.9,119.8,120.5,120.1,119.8,118.6,118.3,118.2,118.6,118.7,118.4,118.3,119.3
ARE,United Arab Emirates,103.6,103.7,104.0,104.2,104.4,104.9,104.9,105.4,106.4,106.5,106.3,106.6,107.4,107.5,108.4,108.6,108.9,109.3,109.6,110.6,110.9,110.4,110.0,110.5,110.1,109.8,110.0,110.4,110.7,111.2,111.5,112.0,111.8,111.8,112.2,111.8,112.6,112.8,113.2,112.8,112.8,113.4,112.8,112.9,113.1,114.1,114.1,114.9,118.0,117.8,117.0,116.8,116.7,117.2,117.1,117.3,116.6,116.0,115.7,115.3,115.2,114.8,114.1,114.3,115.4,115.4,114.5,114.9,114.0,113.8,114.0,113.7
ARG,Argentina,,,,,,,,,,,,,,,,,,,,,,,,,,,,,,,,,,,,100.0,101.6,103.7,106.1,109.0,110.5,111.8,113.8,115.4,117.6,119.4,121.0,124.8,127.0,130.1,133.1,136.8,139.6,144.8,149.3,155.1,165.2,174.1,179.6,184.3,189.6,196.8,206.0,213.1,219.6,225.5,230.5,239.6,253.7,262.1,273.2,283.4
ARM,Armenia,122.7,121.2,120.7,121.4,120.4,118.2,117.1,117.9,118.4,119.5,121.1,124.8,127.8,127.8,127.7,127.1,126.5,124.7,122.0,122.2,122.3,121.8,122.6,124.6,127.3,125.6,125.1,124.7,123.9,123.3,120.4,119.9,120.0,120.7,121.9,123.3,126.5,125.4,125.0,126.2,125.9,124.7,121.5,121.0,121.2,122.2,124.6,126.5,130.1,129.5,129.6,129.2,127.9,125.8,124.3,125.0,125.5,125.6,126.9,128.8,131.1,131.9,132.1,132.0,131.4,128.9,126.4,125.8,126.1,126.8,128.1,129.7
ATG,Antigua and Barbuda,97.2,96.8,97.3,96.5,94.7,93.9,94.6,94.9,95.9,97.1,100.0,102.5,102.4,102.3,101.9,101.4,100.0,97.8,97.9,98.0,97.6,98.2,99.9,102.1,100.6,100.3,100.0,99.3,98.8,96.6,96.1,96.2,96.6,97.6,98.7,101.3,100.3,100.0,101.0,100.8,99.9,97.3,96.9,97.1,97.9,99.9,101.4,104.2,103.7,103.8,103.5,102.4,100.8,99.6,100.2,100.5,100.6,101.6,103.1,105.0,105.6,105.7,105.6,105.2,103.2,101.2,100.8,101.0,101.6,102.8,104.1,105.5
AUT,Austria,97.9,98.0,99.0,99.1,99.4,99.5,99.0,99.0,99.6,99.5,99.7,99.7,98.6,98.9,100.0,100.2,100.4,100.5,100.1,99.9,100.3,100.2,100.3,100.7,99.8,99.9,100.7,100.7,101.0,101.1,100.7,100.5,101.2,101.5,101.6,102.1,101.8,102.1,102.6,102.8,102.9,103.0,102.7,102.6,103.6,103.7,103.9,104.3,103.6,103.9,104.5,104.7,104.9,105.1,104.9,104.9,105.7,106.0,106.2,106.3,105.5,105.5,106.4,106.5,106.7,106.8,106.4,106.5,107.0,107.2,107.4,108.1
AZE,Azerbaijan,113.7,114.1,114.4,114.6,113.7,112.3,111.4,111.4,112.7,113.0,113.1,113.7,113.9,118.5,119.6,119.3,118.6,117.3,116.4,116.3,116.6,116.8,117.2,122.3,129.4,130.0,130.6,130.8,130.6,130.0,129.7,130.3,133.3,135.1,137.3,141.5,144.8,147.1,149.5,149.8,150.1,148.5,148.7,149.0,150.1,151.8,152.0,152.7,152.7,153.0,153.3,153.0,152.9,151.9,151.0,152.3,152.7,153.0,153.9,155.1,155.4,156.2,157.2,157.8,157.1,156.4,156.5,156.0,156.5,157.1,157.9,158.7
BDI,Burundi,142.3,145.3,144.0,144.3,145.5,145.7,146.2,147.9,148.2,146.8,147.6,147.3,147.3,146.9,150.7,155.1,156.0,156.8,157.9,154.2,154.4,155.0,156.2,157.8,156.6,156.7,157.2,159.2,160.2,162.9,164.1,164.4,165.2,164.3,167.3,172.9,176.8,188.7,190.3,190.2,190.4,187.4,186.3,187.3,190.5,193.2,193.0,190.1,187.6,186.3,185.5,186.6,187.9,186.1,184.3,182.5,179.2,176.7,178.9,178.9,180.5,178.7,180.0,182.7,183.5,178.7,179.9,181.3,183.0,184.0,185.3,187.8
BEL,Belgium,99.6,99.8,99.8,99.5,99.4,99.5,99.7,99.3,99.2,99.3,99.2,99.1,99.0,99.4,99.4,99.8,100.0,100.1,100.1,100.2,100.2,100.6,100.7,100.6,100.7,100.7,101.7,101.8,102.2,102.3,102.4,102.3,102.1,102.4,102.5,102.6,103.3,103.7,104.0,104.2,104.1,103.9,104.2,104.3,104.2,104.5,104.6,104.8,105.1,105.3,105.4,105.7,106.0,106.1,106.5,106.6,106.6,107.3,107.5,107.3,107.2,107.5,107.9,107.9,108.0,107.9,108.0,108.0,107.5,107.9,107.9,108.1
BEN,Benin,110.5,109.5,109.8,110.1,111.9,110.6,109.8,108.5,108.2,108.6,108.1,108.4,109.4,108.4,109.3,107.9,107.9,112.3,112.0,110.5,108.0,109.7,110.5,110.8,109.3,108.2,109.5,112.3,112.2,111.1,109.5,107.4,105.7,106.0,107.5,107.8,110.8,111.1,111.4,111.5,111.1,110.6,110.5,110.1,110.2,110.3,111.0,110.9,110.9,111.8,110.8,111.9,113.1,114.4,113.8,110.0,109.8,110.5,110.3,110.8,112.0,110.3,111.2,110.2,112.0,110.0,110.9,109.6,109.2,110.0,112.0,111.1
BFA,Burkina Faso,106.1,105.6,106.4,105.0,107.1,108.3,108.1,107.8,107.8,107.4,107.2,106.8,105.8,105.9,105.8,105.8,106.8,109.3,109.3,109.6,107.9,109.3,108.6,108.9,106.0,106.6,106.9,107.3,108.0,108.2,108.1,108.8,111.1,109.9,109.3,108.6,107.8,107.3,108.9,109.1,110.4,109.6,111.4,111.0,111.5,110.1,110.5,110.4,109.9,110.2,110.6,111.7,112.1,113.6,114.5,113.3,113.7,112.4,110.8,110.7,108.3,107.9,108.4,108.9,109.5,109.2,109.4,107.8,107.6,108.1,107.3,107.9
BGD,Bangladesh,133.9,134.2,134.4,134.4,132.9,133.0,135.1,136.9,138.8,139.8,139.8,140.4,142.0,142.4,142.8,142.9,141.1,141.4,143.7,145.3,147.5,148.4,148.3,149.0,150.6,150.4,150.9,150.9,148.8,149.2,151.5,153.1,155.6,156.7,156.2,156.5,158.4,158.4,159.0,159.2,157.3,158.0,159.9,162.1,165.1,166.1,165.5,165.6,167.7,167.5,168.0,168.2,166.1,166.8,168.7,171.0,174.1,175.1,174.4,174.4,176.8,176.6,177.4,177.5,175.5,176.0,178.2,180.4,183.7,184.7,184.9,184.5
BGR,Bulgaria,107.4,107.0,106.8,107.1,106.5,106.1,106.6,106.3,106.2,107.1,106.7,106.7,106.3,106.5,106.9,107.6,107.4,106.5,106.3,106.4,106.2,106.4,106.3,106.3,106.3,106.0,105.3,105.2,105.3,105.1,106.1,106.1,105.6,105.8,105.8,106.4,107.7,107.8,107.3,108.0,107.7,107.1,107.5,107.6,107.8,108.5,108.9,109.4,109.6,110.0,109.7,110.1,110.5,110.5,111.3,111.4,111.6,112.4,112.3,112.3,113.0,113.5,113.6,114.2,114.3,113.6,114.5,114.6,114.2,115.1,115.7,116.6
BHR,Bahrain,107.2,107.9,107.9,107.1,107.1,108.6,108.9,109.0,109.8,109.7,109.4,109.6,109.9,110.1,110.3,109.6,109.7,110.4,110.2,110.8,111.6,112.3,111.0,110.5,112.5,113.3,114.0,113.7,113.7,114.1,114.0,113.7,114.3,113.9,113.2,113.0,113.3,113.8,114.9,114.9,114.5,115.2,115.6,116.0,116.4,116.7,116.4,114.5,116.4,117.3,117.9,117.8,117.8,118.5,118.8,118.2,117.3,117.3,117.2,116.8,118.1,118.3,119.3,118.9,118.4,118.7,118.3,119.7,118.8,119.4,119.2,118.2
BHS,Bahamas,107.3,107.5,108.0,107.8,107.8,107.8,108.0,107.5,107.8,107.8,107.4,106.6,109.7,109.5,109.6,109.5,109.5,109.9,109.9,110.1,110.2,109.3,109.3,108.9,108.8,108.3,108.0,108.6,109.3,109.6,109.6,109.5,109.7,109.8,109.9,109.7,109.6,111.6,111.0,110.3,110.7,110.8,110.4,111.1,110.7,110.8,111.9,111.7,111.7,112.1,111.7,111.9,112.5,112.9,114.9,114.9,114.8,114.9,114.5,113.9,114.7,116.1,116.3,116.4,116.2,116.2,117.0,116.6,116.9,116.4,116.4,115.5
BIH,Bosnia and Herzegovina,105.0,105.0,105.0,104.7,104.8,104.6,104.2,104.2,104.8,105.2,105.1,104.3,104.0,104.2,104.8,104.2,104.2,104.0,103.0,103.0,102.9,103.4,103.2,103.0,102.7,102.3,102.4,102.0,102.0,101.8,101.4,101.2,101.4,102.3,102.5,102.4,103.0,103.4,103.6,103.2,103.1,102.5,101.9,101.7,102.3,103.1,103.2,103.1,103.3,104.4,104.7,104.3,104.4,104.4,103.7,103.6,104.0,105.0,105.1,104.8,104.9,105.3,105.4,105.1,105.3,104.8,104.2,103.9,104.4,105.2,105.2,105.1
BLR,Belarus,315.2,321.4,325.5,330.6,337.9,341.8,344.7,347.5,351.8,356.1,358.3,360.6,369.1,375.2,378.3,381.7,384.1,386.9,387.7,388.6,393.8,397.1,399.0,403.8,411.3,423.2,426.7,429.8,431.9,433.6,435.1,434.4,437.4,440.9,444.3,446.5,450.4,452.8,454.0,457.0,458.3,461.6,461.1,457.4,458.6,464.1,466.2,467.0,470.5,474.8,478.5,479.9,478.5,480.6,479.8,480.4,484.3,486.8,489.5,493.3,497.6,504.3,506.2,506.4,508.1,507.8,508.8,507.6,509.9,512.7,513.9,516.6
BLZ,Belize,99.0,99.0,98.9,99.1,98.9,98.8,99.1,99.1,99.0,99.0,99.2,98.7,98.0,97.8,98.0,98.1,98.0,98.1,98.1,98.5,98.3,98.2,98.1,98.1,98.4,98.0,98.1,98.2,99.0,99.0,99.1,98.9,98.9,98.9,99.4,99.3,99.3,100.3,100.3,100.4,99.6,99.6,99.6,99.6,99.6,99.8,100.3,100.3,100.2,99.7,99.7,99.9,99.9,100.2,100.2,100.6,100.6,100.5,100.3,100.2,100.0,100.2,100.4,100.5,100.3,100.3,100.4,100.5,100.4,100.5,100.3,100.4
BOL,Bolivia,125.3,126.3,126.5,126.7,127.3,128.8,129.8,129.8,129.4,129.5,130.4,131.5,132.8,133.2,132.5,132.0,132.5,132.9,133.7,134.0,134.6,135.1,135.1,135.4,135.9,136.7,136.9,137.4,139.1,138.4,138.5,138.7,139.3,139.8,140.4,140.8,140.9,141.5,141.5,140.9,140.9,141.0,142.0,143.2,144.3,144.0,144.1,144.6,145.1,145.5,145.3,145.1,145.3,145.5,145.5,145.8,145.6,145.9,146.3,146.8,147.1,146.9,146.9,147.1,147.7,148.0,148.3,149.1,148.9,149.6,151.3,148.9
BRA,Brazil,89.0,89.6,90.4,91.1,91.5,91.8,91.8,92.1,92.6,93.0,93.5,94.2,95.4,96.5,97.8,98.5,99.2,100.0,100.6,100.8,101.4,102.2,103.3,104.2,105.6,106.5,107.0,107.6,108.5,108.9,109.4,109.9,110.0,110.3,110.5,110.8,111.2,111.6,111.9,112.0,112.4,112.1,112.4,112.6,112.8,113.3,113.6,114.1,114.4,114.8,114.9,115.1,115.6,117.0,117.4,117.3,117.9,118.4,118.2,118.3,118.7,119.2,120.1,120.8,121.0,121.0,121.2,121.3,121.3,121.4,122.0,123.4
BRB,Barbados,116.5,117.0,116.8,117.5,117.9,118.3,118.8,119.9,119.2,120.0,120.4,120.0,118.0,116.3,115.4,116.2,116.9,117.9,117.9,118.1,118.2,117.5,117.2,117.0,116.2,115.4,115.4,116.0,118.7,118.8,121.0,120.6,121.0,119.8,121.2,120.7,121.9,121.4,121.0,120.3,121.4,121.9,123.5,125.5,126.8,128.6,129.3,129.4,128.3,129.1,128.4,127.0,127.5,128.6,129.5,128.9,128.7,128.9,130.4,130.3,128.7,130.5,131.1,130.7,132.5,132.7,133.4,136.0,137.3,137.9,138.6,139.6
BRN,Brunei Darussalam,99.6,100.4,100.3,100.6,100.2,100.6,100.0,100.8,100.7,100.3,100.1,101.7,100.0,99.5,100.0,100.1,99.9,100.0,99.6,100.2,100.0,99.6,100.1,100.3,99.4,99.6,100.2,99.5,99.8,99.6,99.5,99.7,99.6,99.7,99.8,99.6,98.1,98.4,98.5,98.2,98.5,98.1,98.6,98.2,98.4,98.5,98.3,99.2,99.1,99.4,99.7,99.5,99.5,99.1,99.5,99.5,99.7,99.4,99.3,99.2,99.0,99.1,99.3,99.2,98.5,98.5,98.9,98.6,99.3,99.2,99.3,99.4
BWA,Botswana,126.5,127.1,127.5,128.5,128.8,129.2,129.3,129.7,129.9,130.1,130.4,130.1,131.2,130.7,131.1,132.5,132.7,133.2,133.4,133.6,133.8,134.2,134.2,134.2,134.7,134.6,135.1,136.3,136.4,136.7,136.9,137.2,137.5,137.8,138.1,138.2,138.9,139.2,139.9,141.0,141.2,141.5,141.6,141.8,141.9,141.9,142.2,142.6,143.2,143.6,143.8,145.8,145.9,145.9,146.0,146.0,146.0,147.0,147.6,147.7,148.1,148.4,148.6,149.5,149.6,149.9,150.2,150.2,150.4,150.5,150.7,150.9
CAF,Central African Republic,119.7,129.4,125.8,125.3,124.7,132.7,141.1,136.7,134.2,139.9,134.5,130.6,130.6,130.9,128.4,128.8,129.9,128.4,132.3,133.7,132.2,139.3,137.5,144.5,145.2,146.1,142.5,139.9,136.5,134.9,132.2,137.8,142.8,142.5,137.3,138.0,140.7,141.7,142.6,143.4,145.6,147.5,147.2,147.0,147.6,148.0,146.4,147.9,146.1,145.9,146.2,146.8,147.8,146.1,146.4,147.5,147.2,148.5,150.6,154.7,153.1,153.6,152.9,154.2,151.6,151.4,151.6,151.5,150.9,150.1,150.3,150.4
CAN,Canada,97.3,98.1,98.6,98.9,99.4,99.5,99.3,99.3,99.4,99.5,99.1,98.4,98.2,99.1,99.8,99.7,100.3,100.5,100.6,100.6,100.4,100.5,100.4,99.9,100.2,100.4,101.1,101.4,101.8,102.0,101.8,101.7,101.8,102.0,101.6,101.4,102.3,102.5,102.6,103.0,103.1,103.0,103.0,103.1,103.3,103.4,103.7,103.3,104.1,104.7,105.0,105.3,105.4,105.6,106.1,106.0,105.6,106.0,105.5,105.4,105.6,106.3,107.0,107.5,107.9,107.7,108.2,108.1,107.6,107.9,107.8,107.8
CHE,Switzerland,100.8,100.9,101.2,101.3,101.6,101.5,101.1,101.1,101.2,101.2,101.2,100.7,100.3,100.0,100.3,100.2,100.4,100.5,99.8,99.7,99.8,99.9,99.8,99.4,99.0,99.2,99.5,99.8,99.9,100.1,99.6,99.5,99.6,99.7,99.5,99.4,99.3,99.8,100.0,100.2,100.4,100.3,100.0,100.0,100.3,100.3,100.2,100.2,100.1,100.5,100.8,101.0,101.4,101.4,101.2,101.2,101.2,101.4,101.2,100.9,100.6,101.0,101.6,101.8,102.1,102.0,101.5,101.5,101.4,101.2,101.0,101.1
CHL,Chile,93.3,93.8,94.6,95.2,95.5,95.5,95.8,96.1,96.9,97.9,97.9,97.5,97.6,97.9,98.5,99.1,99.3,99.8,100.2,100.9,101.4,101.8,101.8,101.8,102.3,102.5,102.9,103.3,103.5,104.0,104.2,104.3,104.5,104.7,104.7,104.5,105.1,105.3,105.8,106.0,106.1,105.7,106.0,106.2,106.0,106.7,106.8,106.9,107.4,107.5,107.7,108.0,108.3,108.4,108.8,109.0,109.4,109.8,109.8,109.7,109.8,109.8,110.3,110.6,111.3,111.4,111.6,111.8,111.8,112.7,112.8,112.9
CHN,China,113.3,113.9,113.3,112.9,113.0,112.9,112.9,113.1,113.7,113.7,113.3,113.8,114.1,115.5,114.8,114.6,114.3,114.3,114.8,115.4,115.5,115.0,115.0,115.6,116.2,118.0,117.5,117.2,116.8,116.5,116.8,116.9,117.7,117.6,117.7,117.9,119.2,118.9,118.6,118.6,118.7,118.5,118.4,118.9,119.6,119.7,119.7,120.1,120.9,122.4,121.0,120.8,120.6,120.6,120.9,121.7,122.5,122.7,122.3,122.4,123.0,124.2,123.8,123.9,123.9,123.8,124.2,125.2,126.2,127.3,127.8,127.8
CIV,Cote d'Ivoire,109.0,108.9,108.9,109.2,110.1,109.9,110.3,110.0,108.9,109.4,109.8,109.9,110.7,110.3,110.7,110.7,111.4,111.8,111.6,111.4,109.8,110.0,110.7,111.4,111.0,111.3,111.8,112.9,113.9,112.9,112.2,110.9,110.5,110.6,111.1,111.2,112.3,112.9,112.2,113.0,113.5,112.8,112.9,112.3,112.0,111.8,111.5,112.4,112.5,112.2,112.9,113.1,112.4,113.2,113.2,113.3,112.6,112.8,112.6,113.5,110.9,110.7,111.0,111.5,111.9,112.5,112.1,111.0,111.2,111.1,112.3,112.9
CMR,Cameroon,108.7,108.6,108.5,108.1,108.7,108.5,110.8,110.9,111.2,111.1,111.8,112.2,111.5,111.9,111.9,112.4,112.6,113.1,113.4,113.3,113.6,113.6,113.4,113.8,113.4,113.3,113.4,113.6,114.1,113.8,113.9,114.2,114.2,113.9,113.9,114.1,113.8,113.8,113.9,114.4,114.6,114.4,114.6,115.1,115.2,115.1,115.0,115.1,114.9,114.8,114.9,115.3,115.5,115.5,115.7,115.8,116.3,116.8,117.0,117.3,117.0,117.3,117.9,118.3,118.3,118.5,118.8,119.0,119.1,119.6,119.9,120.1
COD,"Congo, Dem. Rep.",127.1,127.2,127.4,127.6,127.7,127.8,127.9,128.0,128.0,128.1,128.2,128.2,128.3,128.4,128.4,128.5,128.6,128.6,128.7,128.8,128.9,129.0,129.1,129.3,129.4,129.5,129.7,129.9,130.0,130.5,131.2,132.0,133.1,134.7,136.8,142.5,145.1,147.9,,,,,,,,,,,,,,,,,,,,,,,,,,,,,,,,,,
COG,"Congo, Rep.",110.7,112.7,111.9,111.5,111.5,110.8,112.9,113.6,114.2,114.1,115.1,114.8,116.8,115.3,114.0,114.2,114.6,114.9,115.3,117.2,116.9,119.3,118.9,119.5,119.6,119.7,120.4,120.8,120.4,120.4,119.9,120.1,120.2,120.1,120.3,119.4,119.6,119.7,120.0,120.3,120.5,120.5,120.8,120.9,121.1,121.4,121.5,121.6,121.7,121.6,121.7,121.8,121.8,121.9,122.2,122.3,122.2,122.4,122.4,122.7,122.9,123.2,123.8,124.3,124.2,124.4,125.0,125.0,125.0,125.4,126.4,127.3
COL,Colombia,93.4,94.0,94.4,94.8,95.3,95.4,95.5,95.7,95.8,96.0,96.1,96.4,97.0,98.1,98.7,99.2,99.5,99.6,99.8,100.3,101.0,101.7,102.3,102.9,104.2,105.6,106.6,107.1,107.6,108.2,108.7,108.4,108.3,108.3,108.4,108.8,109.9,111.0,111.6,112.1,112.3,112.5,112.4,112.6,112.6,112.6,112.8,113.3,114.0,114.8,115.1,115.6,115.9,116.1,115.9,116.1,116.3,116.4,116.5,116.9,117.6,118.3,118.8,119.4,119.7,120.1,120.3,120.4,120.7,120.9,121.0,121.3
COM,Comoros,114.4,111.8,112.4,110.6,108.7,107.1,110.6,116.7,113.8,110.9,,,,,,,,,,,,,,,,,,,,,,,,,,,,,,,,,,,,,,,,,,,,,,,,,,,,,,,,,,,,,,
CPV,Cabo Verde,109.2,109.0,108.5,107.8,107.9,108.0,108.2,108.3,108.4,108.4,108.9,109.1,109.3,108.8,108.4,108.1,108.3,108.3,108.5,108.7,109.0,108.9,108.8,108.5,108.0,107.4,107.1,107.1,107.2,105.8,106.0,106.7,106.8,107.5,107.3,108.3,107.6,107.9,107.6,107.4,107.6,107.7,107.7,108.4,108.5,108.2,108.2,108.6,108.6,108.8,108.7,108.7,108.8,109.3,109.8,109.5,109.6,110.0,110.0,109.7,109.6,109.5,109.8,109.9,110.4,111.0,111.0,111.1,110.4,110.8,110.8,111.8
CRI,Costa Rica,116.9,117.7,118.4,119.7,120.4,120.8,121.9,122.3,122.2,121.8,122.2,122.0,122.0,121.8,122.0,121.9,121.6,122.1,121.5,121.4,121.1,120.8,120.8,121.0,121.8,121.8,120.7,120.8,121.0,121.0,122.1,122.2,121.6,121.4,121.4,121.9,122.6,123.1,122.6,122.8,123.0,123.1,123.5,123.3,123.6,124.3,124.5,125.1,125.6,125.8,125.8,125.7,125.6,125.8,126.1,126.0,126.3,126.8,127.3,127.6,127.7,127.8,127.6,128.3,128.5,128.8,129.8,129.6,129.5,129.4,129.7,129.5
CUW,Curacao,107.7,107.9,107.2,107.2,108.4,109.3,109.4,109.4,109.1,108.9,109.7,109.0,108.6,107.6,107.1,107.1,107.8,108.3,109.5,109.2,108.7,107.7,107.8,107.8,108.3,107.5,107.4,107.4,107.3,107.8,108.4,108.8,108.4,108.1,108.4,108.6,109.2,109.9,109.6,109.7,109.3,109.4,109.6,109.7,109.9,109.9,110.3,110.5,111.2,111.3,111.7,111.9,111.8,112.4,112.8,113.1,113.4,113.3,113.7,114.4,114.2,113.6,113.3,114.1,115.2,116.2,115.9,116.2,116.9,116.9,116.9,117.0
CYP,Cyprus,102.6,103.1,104.1,104.4,104.6,104.9,104.0,103.7,104.1,104.6,104.2,102.6,101.2,101.7,102.2,102.2,102.5,102.3,100.9,101.0,101.5,102.0,102.0,101.3,99.7,98.9,99.6,99.7,100.4,100.2,100.4,100.3,100.9,100.9,100.9,101.3,100.2,100.6,101.5,101.7,101.4,100.9,99.7,100.2,100.5,101.1,101.2,100.7,99.5,100.3,101.0,101.6,102.7,103.2,102.1,102.7,103.6,104.1,103.9,102.5,101.5,101.5,102.4,102.8,102.9,103.0,101.7,102.1,102.6,103.0,103.4,103.2
CZE,Czech Republic,99.5,99.6,99.6,99.6,99.7,99.7,100.0,99.9,99.6,99.8,99.5,99.5,99.5,99.7,99.8,100.1,100.4,100.5,100.4,100.2,100.0,100.0,99.6,99.5,100.1,100.2,100.1,100.7,100.5,100.6,100.9,100.8,100.5,100.8,101.2,101.5,102.3,102.7,102.7,102.7,102.9,102.9,103.4,103.3,103.2,103.7,103.8,103.9,104.5,104.5,104.4,104.7,105.2,105.6,105.8,105.9,105.6,106.0,105.9,106.0,107.1,107.3,107.5,107.6,108.3,108.5,108.9,109.0,108.4,108.9,109.2,109.4
DEU,Germany,98.8,99.3,99.5,99.4,99.3,99.5,99.8,99.8,99.8,99.5,99.5,99.5,98.5,99.2,99.7,100.2,100.4,100.4,100.6,100.6,100.4,100.4,99.7,99.7,99.0,99.3,100.0,100.1,100.6,100.7,101.1,101.0,101.0,101.2,100.5,101.2,100.6,101.2,101.4,101.8,101.8,102.1,102.5,102.6,102.7,102.5,102.1,102.6,102.0,102.3,102.9,103.1,103.9,104.0,104.4,104.5,104.7,104.9,104.2,104.2,103.4,103.8,104.2,105.2,105.4,105.7,106.2,106.0,106.0,106.1,105.3,105.8
DJI,Djibouti,113.3,111.6,112.5,113.7,111.4,115.4,113.6,110.4,113.2,114.8,115.6,115.6,110.8,110.7,112.5,112.3,112.8,113.1,114.4,112.6,112.4,112.0,112.2,113.7,113.1,113.3,113.7,115.0,115.9,116.2,116.7,116.5,116.6,116.8,116.3,116.5,116.3,115.9,118.9,116.9,116.3,116.6,116.1,115.9,115.4,115.6,115.1,115.5,115.9,115.7,116.0,116.2,116.3,115.9,116.5,116.7,116.1,116.3,117.2,117.7,118.5,118.8,119.2,119.7,120.1,120.2,120.6,120.9,121.2,121.0,121.4,121.6
DMA,Dominica,102.4,101.8,103.3,102.8,103.4,103.7,103.9,104.0,103.7,104.0,103.8,102.6,102.0,100.9,102.0,102.0,103.2,102.9,102.9,102.9,102.1,103.2,102.7,101.9,101.8,101.2,101.5,101.8,102.9,102.7,103.3,103.1,102.9,103.6,103.2,102.6,102.3,101.8,102.5,102.5,102.7,102.9,103.2,103.2,102.1,104.6,105.3,101.1,103.6,102.4,102.2,102.8,102.8,103.6,104.1,104.0,104.8,105.5,105.4,105.1,104.6,103.9,105.5,104.9,105.5,105.8,106.2,106.1,106.0,105.9,105.6,105.3
DNK,Denmark,98.9,99.5,99.6,99.8,99.7,99.7,99.5,99.4,99.7,99.8,99.6,99.4,98.8,99.8,100.2,100.3,100.4,100.3,100.2,100.0,100.2,100.1,99.9,99.8,99.4,100.1,100.2,100.3,100.5,100.6,100.5,100.2,100.2,100.4,100.3,100.3,100.3,101.1,101.2,101.4,101.3,101.2,102.0,101.7,101.8,101.9,101.6,101.3,101.0,101.7,101.7,102.2,102.4,102.3,103.1,102.7,102.4,102.7,102.4,102.1,102.3,102.8,102.9,103.2,103.1,102.9,103.5,103.1,102.9,103.3,103.1,102.9
DOM,Dominican Republic,116.8,117.2,117.8,118.3,118.3,118.4,118.8,119.3,119.5,119.4,119.2,118.4,118.2,118.4,118.6,118.3,118.6,119.1,119.4,119.8,120.0,120.9,121.1,121.2,121.2,120.5,120.5,120.4,120.7,121.4,121.6,121.5,121.6,122.0,122.1,123.2,124.0,124.5,124.2,124.6,124.4,124.5,124.7,125.4,126.2,126.2,127.2,128.4,128.8,128.6,129.1,129.6,130.0,130.2,130.2,130.3,130.4,130.6,130.2,129.9,129.7,130.2,131.0,131.7,131.7,131.4,132.0,132.5,133.0,133.9,134.4,134.7
DZA,Algeria,118.5,118.2,119.1,118.4,118.8,120.9,121.0,121.5,122.3,124.8,124.1,123.8,124.0,124.8,125.7,125.3,125.8,126.4,125.5,126.9,129.8,129.2,128.3,129.3,130.2,130.0,132.4,133.6,134.6,136.4,135.7,136.3,136.8,135.9,138.0,138.2,140.7,139.9,141.6,142.1,141.5,141.9,139.9,142.4,144.0,144.7,144.7,145.1,145.8,144.9,146.0,146.9,149.5,151.2,148.3,148.9,149.4,151.2,150.5,149.0,149.6,148.8,150.2,150.2,151.7,151.3,150.2,151.8,153.7,153.5,152.6,152.6
ECU,Ecuador,115.1,115.2,116.0,116.3,116.3,116.4,116.9,117.1,117.9,118.1,118.3,118.4,119.1,119.9,120.4,121.4,121.6,122.1,122.0,122.0,122.3,122.2,122.3,122.4,122.8,123.0,123.2,123.5,123.6,124.0,123.9,123.7,123.9,123.8,123.6,123.8,123.9,124.2,124.3,124.9,124.9,124.2,124.0,124.1,123.9,123.7,123.4,123.6,123.8,124.0,124.1,123.9,123.7,123.3,123.3,123.7,124.2,124.1,123.8,123.9,124.5,124.2,123.9,124.1,124.1,124.1,124.2,124.1,124.1,124.7,123.8,123.8
EGY,"Egypt, Arab Rep.",135.5,136.9,137.6,138.6,137.6,138.8,143.6,145.2,147.0,149.5,147.2,147.1,148.6,151.3,153.7,153.8,155.7,154.6,155.7,156.7,160.5,164.0,163.5,163.4,163.6,165.1,167.5,169.6,174.8,176.2,177.5,180.9,183.1,186.3,195.3,201.4,209.6,215.1,219.3,223.0,226.7,228.6,236.0,238.6,241.0,243.7,246.0,245.5,245.4,246.1,248.5,252.3,252.7,261.5,267.8,272.6,279.5,286.7,284.5,274.9,276.6,281.4,283.7,285.1,288.3,286.0,291.0,292.9,292.8,295.8,294.9,294.4
ESP,Spain,100.0,99.9,100.1,101.0,101.1,101.1,100.1,100.3,100.4,100.9,100.8,100.3,98.6,98.8,99.5,100.4,100.9,101.1,100.2,99.9,99.6,100.2,100.6,100.3,98.4,98.0,98.6,99.3,99.9,100.3,99.6,99.7,99.7,100.9,101.2,101.8,101.3,100.9,100.9,101.9,101.8,101.8,101.1,101.3,101.5,102.5,102.9,103.0,101.9,102.0,102.1,103.0,103.9,104.2,103.4,103.6,103.8,104.8,104.7,104.2,102.9,103.1,103.5,104.5,104.7,104.6,104.0,103.9,103.9,104.9,105.1,105.0
EST,Estonia,100.4,100.6,100.9,100.8,101.0,101.0,100.8,100.5,100.3,100.3,99.6,99.6,99.2,99.7,100.3,100.8,101.0,100.8,100.5,100.2,99.6,99.7,99.4,98.7,98.6,99.3,100.1,100.0,100.1,100.4,100.4,100.5,100.7,100.3,100.4,100.9,101.3,102.6,102.9,103.2,103.4,103.4,104.0,104.4,104.4,104.1,104.7,104.3,104.8,105.8,105.8,106.2,106.5,107.5,107.7,108.2,108.2,108.7,108.2,107.9,107.7,107.8,108.2,109.6,109.9,110.1,109.9,110.7,110.5,110.4,110.2,109.8
ETH,Ethiopia,181.8,182.7,185.6,187.1,188.5,189.3,190.5,191.7,193.2,193.7,193.1,193.1,194.7,196.8,200.4,203.6,205.2,208.0,211.7,213.0,215.8,215.8,211.3,211.2,213.5,212.6,214.2,217.3,220.2,222.4,223.2,224.1,229.0,226.6,224.9,224.2,226.1,228.3,234.1,237.7,238.1,240.3,246.4,249.5,257.5,256.1,260.3,261.2,263.8,264.9,270.3,270.9,274.4,280.6,284.1,284.8,288.0,287.2,284.1,288.8,293.0,293.9,300.4,305.8,318.9,323.4,328.1,335.8,341.6,341.0,343.1,345.2
FIN,Finland,99.7,99.9,100.2,100.3,100.1,100.1,100.0,100.2,100.7,100.6,100.4,100.2,99.5,99.8,100.1,100.1,100.0,100.0,99.8,100.0,100.1,100.3,100.1,100.0,99.6,99.7,100.1,100.4,100.3,100.4,100.3,100.4,100.5,100.8,100.8,101.0,100.4,100.9,100.9,101.2,101.1,101.1,100.8,101.1,101.3,101.3,101.5,101.5,101.2,101.5,101.7,102.0,102.1,102.3,102.2,102.4,102.6,102.8,102.8,102.7,102.3,102.8,102.9,103.5,103.3,103.4,103.1,103.5,103.5,103.6,103.5,103.7
FJI,Fiji,116.4,114.3,114.5,114.1,114.9,114.7,114.1,114.4,114.7,115.0,114.8,115.6,116.6,116.7,117.3,115.8,115.6,115.6,115.8,115.8,116.3,116.6,116.8,117.4,116.8,118.1,118.2,120.3,121.5,121.7,122.1,122.7,122.8,122.1,121.9,122.0,124.8,124.6,124.9,125.2,124.5,124.1,124.5,125.1,125.3,125.3,125.0,125.4,126.7,127.5,128.1,130.3,130.8,129.8,130.4,130.5,131.1,131.9,131.4,131.5,133.1,134.0,133.2,133.0,133.6,133.5,131.3,132.1,131.6,130.7,130.9,130.4
FRA,France,99.2,99.8,100.2,100.2,100.2,100.2,99.9,100.3,99.9,100.0,99.8,99.9,98.9,99.5,100.2,100.3,100.5,100.4,100.0,100.3,100.0,100.0,99.8,100.0,99.1,99.3,100.0,100.1,100.5,100.6,100.3,100.6,100.3,100.4,100.3,100.7,100.4,100.5,101.2,101.3,101.3,101.3,101.0,101.5,101.3,101.4,101.5,101.8,101.8,101.7,102.8,102.9,103.4,103.4,103.3,103.8,103.6,103.7,103.5,103.5,103.0,103.1,103.9,104.2,104.3,104.6,104.4,104.9,104.5,104.5,104.5,105.0
GAB,Gabon,108.7,109.0,111.0,110.5,108.4,109.1,108.4,108.8,109.4,109.5,109.6,110.2,110.1,108.9,109.2,109.4,109.5,109.1,108.6,108.6,108.2,108.4,109.0,109.0,109.0,110.1,110.3,110.5,110.4,110.5,110.7,111.3,111.9,113.9,113.6,113.4,113.2,113.5,113.4,114.5,114.2,114.4,114.5,114.7,115.0,114.6,114.5,114.6,115.2,116.9,117.2,118.5,119.3,120.6,120.8,121.0,120.8,121.9,122.1,121.8,121.9,121.8,122.1,122.2,123.0,123.6,123.2,122.8,122.7,122.6,122.6,123.1
GBR,United Kingdom,98.7,99.1,99.3,99.6,99.6,99.8,99.6,99.9,100.0,100.1,99.9,99.9,99.2,99.5,99.6,99.9,100.1,100.1,100.0,100.3,100.2,100.3,100.3,100.4,99.9,100.1,100.4,100.6,100.8,101.0,100.9,101.2,101.5,101.6,101.8,102.2,101.8,102.4,102.7,103.2,103.5,103.5,103.5,104.0,104.3,104.4,104.7,105.0,104.5,104.9,105.1,105.5,105.9,105.9,105.9,106.5,106.6,106.7,106.9,107.1,106.4,106.8,107.0,107.6,107.9,107.9,108.0,108.3,108.4,108.3,108.5,108.5
GEO,Georgia,110.2,110.5,110.3,110.7,110.4,109.3,108.7,109.3,110.6,110.9,110.7,111.5,111.7,111.9,113.2,113.5,114.2,114.2,114.0,115.1,116.4,117.3,117.7,116.9,118.0,118.1,117.8,117.0,116.6,115.5,115.7,116.2,116.5,117.1,117.8,119.0,122.5,124.6,124.1,124.2,124.2,123.7,122.6,122.8,123.7,124.6,126.0,127.0,127.8,128.0,127.6,127.3,127.3,126.4,126.1,126.7,127.1,127.5,128.4,129.0,130.6,131.0,132.3,132.6,133.2,131.9,131.9,132.9,135.2,136.2,137.4,138.0
GHA,Ghana,146.6,148.3,149.6,152.2,153.5,156.0,158.4,158.1,157.8,162.0,163.4,165.0,170.7,172.7,174.5,177.7,179.5,182.6,186.8,185.4,185.2,190.2,192.1,194.2,203.1,204.6,208.1,210.9,213.4,216.2,218.1,216.7,217.1,220.1,221.9,224.0,230.2,231.7,234.6,238.4,240.2,242.4,243.9,243.5,243.5,245.8,248.0,250.5,254.1,254.7,255.7,257.4,258.9,260.5,261.4,262.0,262.3,263.0,263.7,265.1,269.0,270.2,272.4,274.0,277.0,280.0,281.0,282.2,282.1,283.0,284.8,285.6
GIN,Guinea,164.5,166.5,168.0,169.4,169.7,170.7,169.7,169.4,168.0,166.5,164.5,163.3,179.1,180.7,182.2,183.6,183.9,185.0,186.0,187.1,188.8,189.8,190.4,191.0,192.3,194.3,196.2,198.1,198.9,200.3,201.6,202.8,204.7,206.0,206.9,207.6,208.7,210.5,212.6,215.0,216.1,217.8,219.7,221.5,223.7,225.1,226.4,227.4,228.8,231.0,233.2,235.5,237.3,239.2,242.3,243.4,245.9,247.1,248.6,250.0,251.1,253.3,255.8,258.0,260.1,262.2,265.2,266.2,269.0,270.0,271.7,272.8
GMB,"Gambia, The",118.7,119.3,119.7,120.4,120.8,121.3,122.5,123.1,124.4,125.3,126.2,126.6,127.0,127.5,127.8,128.4,129.5,130.0,130.9,131.6,132.6,133.4,134.4,135.0,135.5,136.2,136.8,137.5,138.5,139.3,140.4,141.4,142.4,143.3,144.6,145.6,147.4,148.2,148.7,149.4,150.2,151.1,151.6,152.6,153.2,154.0,154.5,155.8,156.8,157.6,158.4,159.3,160.0,160.8,161.7,162.7,163.3,164.1,164.6,165.7,166.4,167.3,168.1,170.3,171.9,172.6,173.5,174.7,175.7,176.5,177.3,178.5
GNB,Guinea-Bissau,106.9,105.4,105.0,105.8,106.3,105.5,107.6,107.8,108.8,108.7,108.1,107.1,107.2,106.0,105.9,106.3,106.7,107.7,108.9,110.6,111.8,110.8,110.5,109.7,109.8,108.7,108.3,108.5,109.5,110.4,110.6,111.2,110.5,111.1,111.3,111.5,111.6,110.6,111.0,111.3,112.9,112.3,113.1,113.1,113.3,112.4,111.7,110.9,110.6,111.0,109.9,111.1,113.6,113.0,112.7,113.2,113.5,114.2,113.0,113.6,113.2,113.7,112.7,112.2,111.3,111.3,112.8,112.7,113.4,113.5,112.4,113.5
GNQ,Equatorial Guinea,116.5,116.6,116.7,116.3,116.7,116.9,115.6,116.7,116.9,117.0,117.1,117.0,117.9,118.1,117.9,118.6,118.8,119.0,118.6,119.0,118.9,118.8,118.9,118.9,120.8,121.0,120.2,119.8,119.3,119.2,120.0,120.2,120.7,121.0,120.1,121.3,120.9,121.6,121.8,121.5,121.3,121.3,121.1,120.7,120.9,121.0,121.0,121.0,121.1,120.7,120.3,121.3,121.5,121.5,123.7,123.2,123.7,124.3,124.3,124.2,123.7,124.0,123.8,122.7,122.9,122.4,122.0,122.7,122.8,127.3,128.5,129.5
GRC,Greece,101.8,100.4,102.8,103.2,102.4,103.1,101.8,100.5,102.6,101.7,100.7,100.3,98.9,98.2,100.5,101.0,100.2,100.8,99.5,99.1,100.9,100.8,100.0,100.1,98.1,97.7,99.0,99.8,99.3,100.1,98.5,98.1,99.9,100.3,99.1,100.1,99.3,99.0,100.8,101.4,100.5,101.1,99.5,99.0,100.9,101.0,100.2,100.8,99.1,99.1,100.5,101.5,101.1,102.1,100.3,100.0,102.0,102.8,101.2,101.3,99.5,99.7,101.5,102.5,101.4,101.8,100.3,99.8,101.9,102.0,101.5,102.1
GRD,Grenada,104.6,104.6,104.2,104.2,104.4,104.8,105.0,104.9,104.4,104.2,103.9,104.0,103.2,103.0,103.2,103.5,103.8,103.5,103.6,103.1,105.1,104.9,104.8,105.1,104.9,104.5,104.8,105.0,105.2,106.3,106.2,106.2,106.1,106.0,106.1,106.1,106.3,106.3,106.4,106.3,106.3,106.7,106.8,106.9,106.7,106.7,106.9,106.7,106.8,106.9,106.8,106.9,107.1,107.5,107.5,107.5,108.0,108.0,107.9,108.2,108.1,107.9,108.0,108.1,108.3,107.9,107.8,107.8,108.4,108.2,108.2,108.2
GTM,Guatemala,117.2,117.4,117.7,117.9,118.1,118.8,119.5,120.0,120.0,120.2,120.4,120.3,119.9,120.3,120.5,120.9,121.2,121.6,122.2,122.3,122.3,122.9,123.5,124.0,125.1,125.4,125.6,125.9,126.4,127.0,127.9,128.1,127.8,128.7,129.2,129.2,129.9,130.4,130.7,131.0,131.4,132.5,134.6,134.2,133.4,134.1,135.3,136.6,136.0,135.8,136.1,136.1,136.8,137.6,138.1,138.7,139.5,140.0,139.6,139.7,141.6,141.8,141.8,142.6,143.0,144.2,144.1,142.8,142.0,143.0,143.6,144.5
GUY,Guyana,110.2,110.1,110.1,110.0,109.9,109.8,110.2,110.7,110.9,111.1,111.1,111.6,108.4,108.6,108.7,108.9,109.5,109.6,109.9,110.2,109.8,109.5,109.4,109.6,109.4,108.9,109.4,109.4,110.5,110.7,110.5,110.8,110.8,110.8,110.9,111.2,112.0,112.3,111.8,111.7,111.9,112.4,112.6,112.7,112.9,112.8,112.7,112.9,113.9,113.1,112.5,112.5,113.0,113.8,113.6,114.4,114.5,114.9,114.9,114.7,114.6,114.6,114.7,115.5,116.0,116.5,116.8,116.9,117.1,117.4,117.1,117.1
HKG,"Hong Kong SAR, China",117.5,118.0,117.7,118.5,118.4,118.5,119.6,116.9,120.4,122.1,122.3,122.6,122.2,123.3,122.9,121.9,121.9,122.1,122.7,120.4,122.9,124.8,125.0,125.4,125.3,126.9,126.4,125.2,125.0,125.0,125.6,125.7,126.1,126.2,126.7,126.9,126.9,126.8,127.1,127.7,127.6,127.5,128.0,128.1,127.9,128.3,128.7,129.1,129.1,130.7,130.3,130.2,130.3,130.6,131.0,131.1,131.4,131.7,131.9,132.3,132.2,133.4,133.0,133.9,133.8,134.8,135.3,135.6,135.6,136.0,136.1,136.1
HND,Honduras,122.0,123.0,123.7,124.2,124.8,125.4,126.3,126.5,126.6,127.0,127.5,127.1,126.6,127.5,128.3,128.6,129.2,129.9,130.4,130.4,130.1,130.2,130.1,130.1,130.6,131.2,131.5,131.8,132.2,133.1,133.5,133.7,133.9,133.9,134.1,134.5,135.0,136.2,136.7,137.2,137.6,138.0,138.4,138.8,138.8,139.2,139.9,140.8,141.2,142.1,142.6,143.0,143.1,143.7,144.2,144.9,144.9,145.7,146.5,146.8,146.8,147.9,148.5,149.9,150.4,150.6,151.0,151.1,151.3,151.7,152.1,152.8
HRV,Croatia,107.7,107.3,107.8,108.1,108.3,108.0,107.6,107.6,108.3,108.4,108.1,107.2,106.6,106.8,107.9,108.0,108.4,108.0,107.2,106.9,107.4,107.5,107.2,106.5,105.8,105.4,106.1,106.2,106.4,106.3,105.5,105.3,106.4,106.8,106.9,106.7,106.6,106.8,107.3,107.7,107.6,107.1,106.3,106.3,107.9,108.3,108.4,108.0,107.8,107.7,108.3,109.2,109.6,109.6,108.6,108.6,109.4,110.1,109.8,109.0,108.0,108.2,109.4,109.9,110.6,110.3,109.7,109.4,110.3,110.8,110.6,110.5
HTI,Haiti,118.6,118.8,119.0,119.6,120.1,120.7,121.2,121.9,122.5,122.6,123.3,123.9,124.4,124.8,124.9,125.3,125.6,126.4,128.4,130.7,132.8,134.0,135.7,136.8,137.9,139.0,140.3,141.3,142.2,143.0,143.9,145.1,147.0,147.9,149.6,150.9,151.9,153.3,154.5,155.7,157.8,159.0,160.2,161.4,162.9,163.8,165.3,166.9,168.5,170.1,171.6,173.2,175.2,177.4,179.6,181.8,184.5,187.2,189.8,192.6,195.7,199.0,200.4,203.8,206.8,210.6,213.9,217.3,220.8,224.6,228.6,232.6
HUN,Hungary,100.1,100.1,100.4,100.4,100.3,100.4,100.5,100.3,100.1,99.9,99.5,98.8,98.6,99.1,99.7,100.1,100.8,101.0,101.0,100.4,99.7,100.0,100.0,99.7,99.6,99.4,99.5,100.3,100.6,100.8,100.6,100.2,100.4,101.0,101.0,101.4,101.9,102.2,102.1,102.5,102.7,102.7,102.8,102.8,102.9,103.2,103.6,103.6,103.9,104.1,104.2,104.9,105.6,105.9,106.2,106.3,106.6,107.2,106.8,106.4,106.7,107.3,108.1,109.0,109.7,109.5,109.7,109.5,109.6,110.3,110.4,110.7
IDN,Indonesia,92.2,92.4,92.5,92.5,92.6,93.0,93.9,94.3,94.6,95.0,96.4,98.8,98.6,98.2,98.4,98.7,99.2,99.8,100.7,101.1,101.0,101.0,101.2,102.1,102.7,102.6,102.8,102.3,102.5,103.2,103.9,103.9,104.1,104.3,104.8,105.2,106.2,106.5,106.5,106.6,107.0,107.7,108.0,107.9,108.0,108.0,108.2,109.0,109.7,109.9,110.1,110.2,110.4,111.1,111.4,111.3,111.1,111.4,111.7,112.4,112.8,112.7,112.8,113.3,114.1,114.7,115.1,115.2,114.9,114.9,115.1,115.5
IND,India,90.7,91.0,91.4,92.6,93.3,94.1,96.4,96.8,96.8,96.8,96.8,96.8,97.2,96.8,97.2,97.9,98.7,99.8,100.6,101.0,101.8,102.9,103.3,102.9,102.9,102.1,102.5,103.7,105.2,106.0,107.1,106.3,106.0,106.3,106.0,105.2,104.8,104.8,105.2,106.0,106.3,107.1,109.0,109.0,109.0,109.8,110.2,109.4,110.2,109.8,109.8,110.2,110.6,111.3,115.1,115.1,115.1,115.5,115.5,115.1,117.4,117.4,118.2,119.3,120.1,120.9,122.0,122.4,123.2,124.3,125.5,126.2
IRL,Ireland,99.4,99.9,100.6,100.7,100.6,100.8,100.6,100.8,100.5,100.3,100.0,99.6,98.8,99.4,100.0,100.0,100.4,100.6,100.4,100.8,100.3,100.1,99.8,99.7,98.9,99.3,99.7,99.9,100.4,101.1,100.9,100.7,100.3,99.8,99.7,99.7,99.2,99.8,100.4,100.8,100.6,100.7,100.7,101.1,100.5,100.4,100.2,100.1,99.4,100.3,100.6,100.4,101.0,101.1,101.5,101.8,101.4,101.3,100.8,100.8,100.1,100.9,101.7,102.1,102.0,102.2,102.0,102.5,102.3,102.0,101.9,102.1
IRN,"Iran, Islamic Rep.",242.3,242.5,244.3,247.8,249.6,251.4,257.5,261.6,263.7,267.1,269.4,274.9,276.9,277.1,278.6,282.0,283.6,286.8,290.2,291.7,293.9,295.8,297.6,301.4,302.4,301.4,302.0,303.9,304.2,306.3,309.5,312.7,313.7,315.3,316.0,318.5,321.1,322.7,326.7,331.4,331.0,331.5,335.0,336.3,336.4,340.8,344.3,346.9,348.3,349.3,350.0,354.7,358.5,365.2,381.4,401.3,422.9,452.7,464.6,476.6,486.2,496.8,516.3,537.0,545.2,549.4,564.7,564.7,570.9,581.0,590.1,609.0
IRQ,Iraq,117.8,116.7,116.6,117.1,115.5,115.4,116.0,116.9,116.7,117.2,119.0,117.9,117.3,117.1,116.8,117.8,117.4,117.9,119.0,119.9,119.2,119.0,120.2,120.6,120.0,120.1,119.3,119.2,118.8,118.5,118.6,119.5,119.7,119.4,118.6,118.8,118.9,119.2,119.6,120.3,118.9,118.4,119.2,119.7,120.2,119.5,119.4,119.7,119.4,119.0,118.7,118.7,119.7,120.4,121.2,120.0,120.3,120.9,120.3,119.6,120.1,119.5,120.4,119.5,118.8,119.3,119.3,119.6,119.3,120.0,120.0,119.7
ISL,Iceland,97.2,97.8,98.1,98.4,98.4,98.8,98.6,98.9,98.7,98.9,98.4,98.7,98.0,98.6,99.6,99.8,100.0,100.3,100.5,101.0,100.6,100.7,100.3,100.7,100.1,100.7,101.1,101.3,101.7,101.9,101.6,102.0,102.5,102.5,102.4,102.6,102.0,102.7,102.8,103.3,103.5,103.5,103.5,103.7,103.9,104.4,104.2,104.5,104.4,105.0,105.6,105.6,105.6,106.2,106.3,106.5,106.7,107.3,107.6,108.4,107.9,108.1,108.7,109.1,109.3,109.8,109.5,109.8,109.9,110.3,110.5,110.6
ISR,Israel,100.3,100.1,100.4,100.5,100.6,100.9,101.0,100.9,100.6,100.9,100.7,100.7,99.8,99.1,99.4,100.0,100.2,100.5,100.7,100.5,100.1,100.2,99.8,99.7,99.2,98.9,98.7,99.1,99.4,99.7,100.1,99.8,99.7,99.9,99.5,99.5,99.3,99.3,99.6,99.8,100.2,99.5,99.4,99.7,99.8,100.1,99.8,99.9,99.4,99.5,99.8,100.2,100.7,100.8,100.8,100.9,101.0,101.3,101.0,100.7,100.6,100.7,101.2,101.5,102.2,101.6,101.3,101.5,101.3,101.7,101.3,101.3
ITA,Italy,99.9,99.8,99.9,100.1,100.0,100.1,100.0,100.2,99.8,99.9,99.7,99.7,99.3,99.7,99.8,100.0,100.1,100.3,100.2,100.4,100.0,100.2,99.8,99.8,99.6,99.4,99.6,99.5,99.8,99.9,100.1,100.3,100.1,100.0,99.9,100.3,100.6,101.0,101.0,101.4,101.2,101.1,101.2,101.5,101.2,101.0,100.8,101.2,101.5,101.5,101.8,101.9,102.2,102.4,102.7,103.1,102.6,102.6,102.4,102.3,102.4,102.5,102.8,103.0,103.0,103.1,103.1,103.5,102.9,102.8,102.6,102.8
JAM,Jamaica,131.8,131.9,133.2,132.9,134.2,134.4,136.2,137.8,140.6,140.7,139.9,139.4,138.8,137.8,138.6,138.8,139.6,140.2,141.4,142.5,143.2,143.6,144.3,144.6,144.0,142.8,142.7,142.2,142.5,143.8,144.5,145.1,145.8,146.1,146.7,147.1,147.7,148.0,148.5,149.0,149.2,150.1,151.0,151.4,152.4,153.1,153.9,154.7,154.7,154.5,154.4,153.7,153.7,154.4,155.8,157.3,159.1,160.2,160.2,158.6,158.3,158.3,159.6,159.7,161.0,160.9,162.5,163.8,164.4,165.4,167.7,168.3
JOR,Jordan,116.3,116.8,117.3,117.4,116.7,117.0,117.6,118.0,118.2,118.2,117.7,117.9,116.5,114.8,115.8,116.1,116.5,117.4,116.9,117.1,116.8,116.8,116.0,116.1,115.2,113.9,113.9,114.8,114.6,114.8,116.4,116.5,115.9,116.2,116.6,117.0,118.2,119.1,118.8,118.8,118.9,119.0,118.6,119.1,120.0,120.3,120.4,120.8,122.1,123.7,123.2,124.2,124.4,125.0,125.4,125.5,125.4,125.3,126.1,125.6,124.5,124.2,124.6,125.2,125.4,126.1,126.1,126.2,125.8,126.2,126.3,126.5
JPN,Japan,97.2,97.2,97.4,99.5,99.9,99.8,99.9,100.1,100.3,100.0,99.7,99.7,99.6,99.4,99.7,100.2,100.5,100.2,100.1,100.2,100.3,100.3,99.9,99.9,99.5,99.6,99.7,99.9,100.0,99.9,99.7,99.7,99.8,100.4,100.4,100.2,100.0,99.9,99.9,100.3,100.4,100.3,100.1,100.3,100.6,100.6,100.9,101.2,101.3,101.3,101.0,100.9,101.1,101.0,101.0,101.6,101.7,102.0,101.8,101.5,101.5,101.5,101.5,101.8,101.8,101.6,101.6,101.8,101.9,102.2,102.3,102.3
KAZ,Kazakhstan,59.5,60.5,61.2,61.4,61.7,61.9,61.9,62.2,62.5,62.7,63.2,63.5,63.9,64.1,64.2,64.3,64.5,64.4,64.5,64.7,65.4,68.8,71.3,72.2,73.1,73.9,74.4,74.8,75.2,75.5,76.0,76.1,76.2,76.7,77.5,78.3,78.9,79.7,80.1,80.5,80.9,81.2,81.3,81.4,81.7,82.6,83.3,83.8,84.3,84.9,85.3,85.7,85.8,86.1,86.1,86.3,86.6,86.9,87.7,88.3,88.7,89.0,89.5,90.0,90.5,90.6,90.8,91.0,91.2,91.8,92.4,93.1
KEN,Kenya,136.8,137.3,138.0,139.5,140.9,141.1,141.7,143.1,143.3,143.0,142.9,143.5,144.4,145.0,146.7,149.3,150.6,151.0,151.1,151.4,151.8,152.6,153.4,155.0,155.6,155.0,156.1,157.2,158.1,159.8,160.8,160.9,161.4,162.4,163.6,164.9,166.5,169.4,172.2,175.3,176.6,174.5,172.8,173.8,172.8,171.7,171.3,172.3,174.5,176.9,179.4,181.8,183.6,181.9,180.3,180.8,182.7,181.2,180.9,182.1,182.7,184.2,187.1,188.5,189.9,190.7,191.3,191.7,192.0,192.6,193.7,195.1
KGZ,Kyrgyz Republic,131.3,132.3,135.2,136.5,137.8,138.5,137.2,136.6,137.2,139.6,142.4,144.4,146.5,146.9,146.6,147.2,146.1,144.8,144.1,144.5,146.0,146.5,147.8,149.2,149.2,148.8,147.4,146.3,146.5,146.6,145.8,145.2,145.6,146.2,147.0,148.5,149.9,150.8,151.6,151.8,152.0,152.6,151.1,150.8,150.3,151.4,152.9,153.9,154.8,156.1,155.7,154.9,154.1,153.8,152.7,152.1,152.2,152.6,153.6,154.7,155.3,155.0,154.6,154.1,154.3,155.2,155.1,155.1,155.6,156.5,157.9,159.4
KHM,Cambodia,114.4,114.4,115.0,115.6,116.0,116.6,117.1,117.5,117.7,117.2,116.2,115.3,114.8,116.2,116.3,117.1,117.2,117.4,118.1,118.4,118.8,118.7,118.4,118.6,118.3,118.9,118.7,120.4,120.8,121.2,121.6,121.9,122.2,122.7,122.7,123.2,123.6,123.7,123.7,124.2,124.0,124.1,124.5,125.0,125.5,125.2,125.5,126.0,126.1,126.5,126.6,127.2,127.5,127.7,127.4,128.3,128.7,129.1,128.6,128.0,128.0,129.1,129.4,129.8,130.1,129.6,130.1,130.9,130.9,130.7,130.9,132.0
KIR,Kiribati,96.8,97.6,99.9,101.1,100.2,99.4,98.5,99.3,98.7,98.4,98.4,99.3,99.3,99.4,99.4,98.8,98.8,99.4,100.1,99.6,99.8,100.1,99.8,99.9,100.5,100.6,100.6,101.3,101.4,102.0,102.1,102.0,102.5,102.2,101.7,100.7,99.8,99.4,99.5,101.8,101.9,102.9,102.3,102.7,102.6,102.7,102.8,103.2,104.4,102.1,103.0,102.5,103.1,102.8,101.8,102.2,101.5,101.3,102.1,102.0,101.8,102.3,100.2,100.4,98.9,100.0,99.9,100.1,100.3,100.4,101.0,101.1
KNA,St. Kitts and Nevis,107.7,108.1,107.5,107.3,109.6,107.8,108.3,108.1,108.4,108.8,108.5,107.6,107.3,106.7,106.5,105.9,105.4,105.7,105.5,105.2,105.3,104.4,104.9,105.0,104.4,104.3,104.6,104.6,104.9,105.0,104.4,105.8,105.7,105.7,104.7,105.1,105.1,104.9,105.1,105.2,105.5,105.4,105.6,106.3,106.3,105.9,106.7,105.9,104.4,104.5,105.0,104.3,104.5,104.5,104.6,104.6,104.1,104.1,105.0,105.1,104.6,103.9,104.8,104.7,104.6,104.1,104.3,104.8,103.5,103.4,103.8,104.2
KOR,"Korea, Rep.",98.8,99.1,99.3,99.3,99.5,99.4,99.5,99.7,99.6,99.3,99.1,99.1,99.8,99.7,99.7,99.8,100.0,100.1,100.2,100.4,100.1,100.1,99.9,100.2,100.4,100.8,100.6,100.8,100.8,100.8,100.6,100.9,101.5,101.6,101.5,101.6,102.6,102.9,102.9,102.7,102.8,102.6,102.8,103.4,103.5,103.4,102.6,103.0,103.4,104.2,104.1,104.3,104.3,104.1,103.9,104.9,105.7,105.5,104.7,104.4,104.2,104.7,104.5,104.9,105.1,104.9,104.6,104.8,105.2,105.5,104.9,105.1
KWT,Kuwait,113.2,113.3,113.7,113.7,113.9,114.2,114.2,114.3,115.2,115.2,115.4,116.5,116.4,116.6,117.4,117.6,117.7,118.2,118.3,118.6,118.8,118.9,119.0,120.0,120.2,120.2,121.0,121.0,121.0,121.8,121.9,122.1,123.3,123.2,123.0,124.2,124.1,124.1,123.8,123.8,124.4,124.5,124.4,124.4,125.1,125.4,125.4,125.3,125.2,125.1,124.6,124.7,124.8,125.2,125.4,125.5,125.4,125.6,125.5,125.8,125.7,125.8,125.6,125.6,125.8,126.5,126.8,127.1,127.5,127.5,127.5,127.7
LAO,"Lao, PDR",122.2,122.6,123.0,124.1,124.2,124.4,124.8,125.0,125.2,125.1,125.0,125.0,124.7,124.4,124.5,125.3,125.7,126.1,126.2,126.6,126.7,126.8,126.6,126.2,125.8,126.0,125.9,126.5,127.2,128.1,128.7,128.9,129.0,129.1,129.2,129.3,128.6,128.1,128.1,128.4,128.5,128.7,128.7,129.1,129.4,129.8,129.5,129.5,129.8,130.3,130.5,130.8,131.1,131.5,131.8,132.4,133.4,132.5,132.3,131.4,131.8,132.4,132.7,133.7,134.4,134.7,135.8,136.8,138.6,139.6,140.1,139.7
LBN,Lebanon,119.6,118.7,120.6,120.4,120.1,119.2,119.4,119.7,119.4,119.6,119.1,117.6,115.1,115.2,116.5,115.9,116.1,115.2,114.8,114.2,113.8,114.7,114.5,113.6,111.9,111.8,112.3,113.2,113.3,114.1,114.2,113.3,115.0,116.0,116.5,117.2,116.7,117.3,118.1,118.2,118.2,117.8,118.0,119.1,119.8,119.8,122.1,123.1,123.1,123.4,124.4,125.1,125.9,127.0,126.7,127.0,127.6,127.6,129.0,128.0,127.1,127.3,129.5,130.1,130.2,129.2,128.6,128.6,129.0,130.7,133.3,136.9
LBR,Liberia,130.6,130.1,133.1,133.8,131.6,137.5,138.8,140.4,144.1,145.1,138.2,140.5,141.9,140.0,142.8,142.9,142.1,148.1,152.0,150.7,153.4,153.8,151.6,151.7,151.8,150.0,152.9,153.2,152.7,160.6,164.8,165.6,166.4,169.0,169.9,170.7,172.5,169.9,171.0,170.9,172.9,178.0,182.0,186.0,188.2,189.1,192.1,194.4,199.1,200.2,204.4,207.3,209.6,221.7,229.5,234.5,237.7,239.4,244.1,249.9,245.5,244.3,,,,,,,,,,
LBY,Libya,126.0,126.1,123.9,123.9,125.5,,,,,,,,,,,,,,,,,,,,,,,,,,,,,,,,,,,,,,,,,,,,,,,,,,,,,,,,,,,,,,,,,,,
LCA,St. Lucia,108.9,112.6,113.0,112.6,111.8,111.8,111.8,114.4,113.6,113.1,112.8,113.1,113.0,112.2,111.9,112.1,111.8,112.0,111.5,111.6,111.1,109.6,109.3,110.2,109.1,109.4,107.8,108.4,107.4,107.3,107.7,108.6,108.1,107.3,106.9,107.1,108.5,107.3,107.4,108.6,108.3,108.4,106.8,106.5,108.1,108.2,109.1,109.2,108.8,109.6,109.5,109.3,110.0,110.4,110.5,110.5,110.3,110.8,110.8,110.9,111.8,111.8,111.4,111.2,111.0,111.1,110.2,110.1,110.0,109.8,110.2,110.1
LIE,Liechtenstein,100.8,99.8,99.1,99.2,98.1,97.7,98.1,98.9,99.6,98.6,98.9,101.4,100.8,99.8,99.2,99.5,98.3,97.9,98.3,99.3,99.9,98.6,99.2,102.1,100.5,99.5,99.3,99.4,98.4,98.0,98.2,99.3,99.9,98.6,99.2,102.6,99.7,99.0,99.0,99.0,97.8,97.6,97.9,99.1,99.4,98.5,99.1,102.6,99.4,99.0,98.9,99.0,97.6,97.5,97.9,99.1,99.4,98.5,99.4,102.8,99.7,99.3,99.2,99.1,97.7,97.5,98.2,99.1,99.3,98.5,99.4,102.6
LKA,Sri Lanka,123.7,123.6,123.9,124.9,125.9,127.5,128.4,127.7,127.7,127.2,128.3,130.3,135.4,130.7,129.1,128.4,129.6,130.9,130.7,130.1,130.1,131.1,134.4,135.9,134.4,133.0,132.0,133.9,136.5,139.3,138.3,136.0,136.2,137.7,139.9,141.6,143.2,143.9,143.4,145.2,146.2,148.1,146.9,146.8,148.0,149.8,151.7,151.9,151.0,148.5,147.4,147.5,149.2,151.8,151.9,150.5,149.3,149.9,153.3,152.5,152.8,152.1,151.7,152.8,154.5,155.1,155.3,155.7,156.7,158.3,159.5,162.0
LSO,Lesotho,120.6,121.2,121.9,122.8,123.3,123.5,123.8,123.9,124.0,124.1,124.0,124.0,123.8,123.8,124.3,125.2,125.9,127.1,127.8,128.1,128.7,129.5,130.0,130.4,131.0,132.0,133.6,135.1,135.9,136.7,136.5,136.4,136.4,136.9,137.4,137.3,138.4,138.8,139.5,141.1,141.5,142.0,142.3,142.2,142.4,142.7,143.0,143.5,145.8,146.0,146.3,146.5,146.9,147.7,148.1,148.9,149.5,150.3,151.0,151.2,153.0,153.3,153.9,154.7,155.5,156.0,156.1,156.5,157.1,157.6,158.0,158.4
LTU,Lithuania,100.7,100.6,101.0,101.3,101.2,101.2,100.7,100.6,101.0,101.1,101.1,100.4,99.1,98.8,99.6,100.2,100.7,100.6,100.2,99.3,100.0,100.4,100.7,100.4,100.0,99.7,100.7,101.2,101.2,101.3,100.6,100.2,100.8,101.3,101.7,102.1,102.3,102.7,103.8,104.8,104.7,104.9,104.6,104.5,105.6,105.8,106.1,106.1,106.4,106.2,106.6,107.3,107.7,107.7,107.2,106.8,108.2,108.9,108.8,108.1,108.3,108.4,109.4,110.3,110.6,110.4,110.0,109.6,110.6,110.7,110.7,111.0
LUX,Luxembourg,98.5,99.8,99.7,99.8,99.8,100.0,98.9,100.0,99.9,99.7,99.4,98.8,98.2,99.8,100.0,100.0,100.5,100.6,99.6,100.5,100.4,100.2,100.3,99.9,98.7,100.0,100.0,100.1,100.4,100.7,99.5,100.7,100.8,100.7,100.8,101.0,100.4,101.8,101.8,102.0,102.1,102.2,101.5,102.7,102.5,102.6,102.3,102.4,101.5,102.8,102.9,103.1,103.5,103.7,102.9,104.3,104.6,104.7,104.7,104.3,103.4,105.0,105.1,105.3,105.6,105.5,104.8,106.1,105.9,105.9,105.9,106.1
LVA,Latvia,99.5,99.5,99.8,100.2,100.2,100.5,100.1,99.5,100.0,99.9,99.7,99.1,99.1,99.4,100.2,100.8,101.4,101.1,100.1,99.6,99.4,99.7,99.7,99.4,98.8,98.9,99.6,100.0,100.6,100.6,100.2,99.6,100.0,100.8,101.0,101.6,101.7,102.1,103.0,103.4,103.4,103.6,102.9,102.7,102.9,103.6,103.7,103.8,103.7,104.0,105.3,105.5,105.8,106.5,105.6,105.5,106.2,106.9,106.8,106.4,106.9,107.0,108.2,109.1,109.3,109.7,108.7,108.9,108.9,109.3,109.1,108.8
MAC,"Macao SAR, China",122.6,123.1,123.6,124.6,124.8,125.4,125.8,126.2,126.9,127.5,128.1,128.5,128.5,129.6,129.9,130.3,130.9,131.6,131.8,132.1,132.3,132.8,133.0,133.3,133.4,134.6,134.2,134.2,134.4,134.5,134.6,134.3,134.4,134.6,135.0,135.2,135.7,135.1,135.1,135.3,135.7,136.0,136.0,136.1,136.3,136.7,137.3,138.0,138.1,139.3,138.7,139.2,139.7,140.2,140.5,140.6,141.0,141.3,141.6,142.1,142.3,143.2,142.7,143.0,143.4,143.9,144.2,144.6,144.9,145.3,145.4,145.7
MAR,Morocco,104.4,104.2,103.9,104.0,103.9,104.0,104.1,104.8,104.9,105.5,105.5,105.8,106.1,105.6,105.6,105.8,106.0,106.1,106.6,106.5,106.5,107.0,106.4,106.4,106.3,106.5,107.5,107.4,108.0,108.5,108.3,108.3,109.0,108.7,108.5,108.4,108.6,108.3,107.6,107.8,108.4,108.7,108.2,108.6,109.5,109.4,109.8,110.4,110.9,110.2,110.3,110.7,111.2,111.5,110.5,110.4,110.7,110.6,111.3,110.5,110.2,110.2,110.2,110.9,111.6,111.8,110.9,111.2,111.0,111.3,111.8,111.8
MDA,"Moldova, Rep.",122.0,122.7,123.1,123.7,123.9,123.7,122.8,122.3,123.3,124.9,125.9,126.8,127.8,130.7,131.8,133.1,133.9,134.0,133.3,137.2,138.8,141.3,142.9,144.0,144.9,144.1,144.1,144.2,144.4,143.9,142.6,142.1,143.0,144.9,146.6,147.4,149.2,151.0,151.6,153.7,155.1,154.5,153.0,152.5,153.9,156.2,157.3,158.2,158.2,158.5,158.6,159.4,159.4,159.4,157.6,157.3,157.5,158.1,158.8,159.6,161.6,162.2,163.1,164.5,166.7,166.4,166.0,166.0,167.4,168.8,170.1,171.6
MDG,Madagascar,127.2,127.7,128.1,128.6,129.0,129.5,130.0,130.4,131.0,131.6,132.3,133.8,135.0,136.3,138.2,138.5,138.7,139.4,139.8,140.3,140.9,141.5,142.2,143.9,145.5,146.1,146.2,146.5,146.8,147.4,148.3,148.6,148.9,149.2,149.9,152.4,154.1,155.7,157.8,159.2,159.7,160.4,160.9,161.5,162.0,162.9,165.9,168.6,169.9,170.8,172.0,172.7,173.0,174.0,174.9,175.7,176.2,176.8,177.9,180.4,181.1,182.0,182.5,182.8,183.4,184.5,184.7,185.3,185.6,186.0,186.5,187.5
MDV,Maldives,130.5,130.3,129.6,129.8,131.1,130.9,131.4,131.2,131.3,131.4,130.9,131.1,130.7,130.9,130.8,131.6,131.7,132.8,132.6,132.8,132.8,132.7,132.9,132.2,132.1,132.3,131.6,131.4,131.5,131.8,132.1,132.0,132.5,135.0,134.9,135.3,135.9,136.4,137.3,137.3,137.6,136.2,136.1,135.6,136.3,136.0,135.7,137.0,137.4,137.8,137.5,135.2,134.7,135.0,135.7,137.6,136.6,136.0,136.1,135.8,135.6,136.1,135.8,136.3,136.8,137.1,136.1,137.0,136.6,137.0,136.8,137.5
MEX,Mexico,96.4,96.7,96.9,96.8,96.4,96.6,96.9,97.2,97.7,98.2,99.0,99.5,99.4,99.6,100.0,99.7,99.2,99.4,99.5,99.7,100.1,100.6,101.2,101.6,102.0,102.4,102.6,102.2,101.8,101.9,102.2,102.5,103.1,103.7,104.5,105.0,106.8,107.4,108.1,108.2,108.1,108.3,108.7,109.3,109.6,110.3,111.5,112.1,112.7,113.1,113.5,113.1,112.9,113.4,114.0,114.6,115.1,115.7,116.7,117.5,117.6,117.6,118.0,118.1,117.8,117.8,118.3,118.3,118.6,119.2,120.2,120.9
MKD,North Macedonia,110.4,110.3,109.9,110.0,110.3,110.0,110.2,109.7,109.7,110.0,109.9,109.9,109.1,109.1,109.6,110.0,110.5,110.6,109.8,109.7,109.5,109.5,109.6,109.6,109.3,109.1,109.2,109.3,109.9,109.9,109.5,109.4,109.6,109.6,109.3,109.2,109.9,109.4,109.9,110.4,111.2,111.5,110.9,111.3,111.3,111.6,111.8,111.9,111.5,111.6,111.7,111.9,113.0,113.0,112.7,113.0,112.9,113.2,113.1,112.8,112.8,112.8,113.2,114.1,114.6,113.4,113.6,113.9,113.2,113.1,113.0,113.3
MLI,Mali,107.9,106.9,106.9,106.9,107.9,109.6,110.4,110.1,109.6,109.6,109.6,109.3,108.8,107.5,107.8,108.5,109.0,111.3,113.5,113.2,111.9,111.9,109.9,110.4,107.1,105.9,106.0,105.9,108.3,109.9,109.3,109.3,110.0,109.5,109.2,109.6,108.4,107.4,107.7,108.0,109.7,110.9,112.2,111.7,112.9,112.3,110.8,110.7,110.3,110.8,109.5,109.2,105.5,109.7,111.3,111.7,111.9,112.5,112.7,111.6,108.8,108.7,108.4,108.0,108.1,109.5,110.1,109.4,109.5,108.5,108.2,107.7
MLT,Malta,105.9,106.4,107.0,106.7,106.8,107.0,106.9,106.6,107.0,107.5,108.0,108.2,106.6,107.2,107.6,108.4,108.1,108.3,108.0,108.1,108.4,108.9,109.0,109.3,107.2,107.5,108.2,108.8,108.9,109.1,108.7,108.9,109.2,109.3,109.8,110.5,109.0,109.2,109.9,110.4,110.4,110.5,110.3,110.2,110.4,110.8,111.2,111.9,110.0,110.3,110.7,111.3,111.5,111.5,111.4,111.5,112.2,112.6,113.0,113.5,111.6,112.4,112.8,113.4,113.6,113.7,113.2,113.4,113.8,114.1,114.5,114.9
MMR,Myanmar,115.4,115.5,115.9,116.8,118.0,118.4,118.8,119.2,119.1,119.2,120.2,121.4,122.5,122.5,122.9,124.3,126.0,127.4,129.2,134.0,135.2,136.2,137.4,134.2,132.8,132.8,133.2,136.2,137.7,139.2,140.3,140.6,140.4,141.0,142.2,143.0,143.1,143.4,142.6,142.7,143.1,143.2,143.5,144.0,145.2,146.6,148.6,149.4,150.5,150.7,150.3,151.1,151.5,152.5,154.4,155.7,157.7,159.6,160.9,159.6,159.8,160.8,162.2,164.2,166.0,167.0,171.2,171.9,172.7,173.5,174.2,174.7
MNE,Montenegro,108.9,108.9,109.0,108.8,109.2,109.7,109.2,109.3,109.8,109.9,109.8,109.4,109.2,109.5,110.7,111.1,111.7,111.8,111.3,111.4,111.8,111.6,111.3,111.0,110.2,109.8,109.7,110.2,110.4,110.4,110.3,110.4,111.4,111.8,111.9,112.1,112.5,112.6,112.7,112.8,112.8,112.7,113.0,113.6,114.6,114.4,114.5,114.3,115.4,115.7,115.9,116.0,116.4,116.6,116.8,116.7,116.8,116.6,116.8,116.1,115.7,116.2,116.9,117.1,117.3,116.5,116.4,116.4,116.6,117.2,117.4,117.3
MNG,Mongolia,146.8,148.1,149.4,150.8,153.1,153.9,154.6,155.2,156.4,157.7,158.8,160.1,161.1,161.4,162.2,163.2,163.3,163.2,162.7,164.2,163.2,162.4,162.0,161.7,162.0,162.7,163.5,165.3,165.5,165.0,165.1,164.0,163.0,162.0,162.9,163.8,165.3,166.6,168.7,170.7,171.5,170.7,170.7,172.1,172.5,173.1,173.4,174.2,176.7,178.1,179.9,181.1,182.0,182.9,183.9,182.4,182.3,184.0,187.3,188.5,189.6,190.5,191.9,193.7,196.6,198.1,198.0,198.6,198.7,198.0,197.1,198.3
MOZ,Mozambique,121.4,121.9,123.0,123.1,122.6,122.0,121.9,121.3,121.1,121.2,121.7,122.5,124.8,126.7,126.8,125.5,124.2,123.7,123.8,124.0,124.4,127.0,129.3,135.4,139.0,140.4,140.8,142.7,143.2,144.3,145.9,148.5,153.4,157.1,160.0,164.1,167.6,169.7,171.2,173.1,172.4,170.4,169.5,169.5,169.9,170.3,171.5,173.4,174.1,174.7,176.4,177.1,178.1,177.9,177.5,178.0,178.2,178.3,178.8,179.5,180.6,181.2,182.4,182.9,182.4,182.0,181.4,181.6,181.8,182.3,183.4,185.8
MRT,Mauritania,117.3,117.3,117.4,117.6,118.0,118.3,119.1,120.1,121.8,122.0,122.6,122.9,123.2,123.3,123.5,122.1,120.9,121.6,122.7,124.1,124.6,125.3,124.9,124.4,123.1,122.6,123.0,123.2,123.6,124.2,124.7,126.2,127.5,128.5,128.2,128.0,127.0,126.8,126.8,126.9,127.1,127.3,127.7,129.0,129.4,129.6,129.8,129.6,130.2,130.2,130.9,131.0,131.3,131.8,132.1,132.8,133.4,133.1,133.4,133.6,133.4,133.2,133.4,133.4,133.6,134.1,135.1,135.9,136.5,136.9,137.5,137.2
MSR,Montserratit,107.4,107.9,106.9,109.5,109.1,108.5,109.1,109.3,109.4,108.8,108.7,108.6,108.4,108.9,108.6,110.0,109.4,109.1,110.7,110.1,110.7,110.7,110.9,110.9,110.5,110.5,110.5,108.1,107.9,107.8,110.2,108.9,110.0,108.9,109.5,109.4,109.4,109.8,109.9,105.7,108.6,108.3,107.7,105.9,107.1,106.8,107.8,107.3,106.4,106.9,106.6,107.4,106.7,106.3,106.3,106.1,106.3,110.4,110.7,111.1,111.2,112.0,112.1,,,,,,,,,
MUS,Mauritius,118.6,120.0,119.1,119.1,118.1,118.1,118.1,118.6,117.8,117.2,117.2,116.7,119.4,122.5,121.8,121.7,118.7,118.6,118.8,119.9,120.1,118.9,118.4,118.3,119.8,121.8,122.9,121.9,119.7,119.9,120.0,121.0,121.2,120.7,121.0,121.0,121.9,123.3,124.5,125.4,126.8,127.6,126.4,126.6,125.4,124.9,125.3,126.1,129.4,132.0,132.8,130.1,129.9,128.8,128.6,127.7,127.8,128.3,128.8,128.3,130.1,130.9,130.9,130.9,130.9,129.6,129.6,130.0,129.1,128.5,129.2,129.5
MWI,Malawi,199.8,210.9,210.4,205.8,203.2,195.6,191.3,193.6,203.5,207.8,218.1,227.7,242.2,252.5,248.6,244.6,242.9,237.2,233.7,238.0,252.5,259.0,271.7,284.4,299.0,311.4,303.4,295.7,295.0,290.9,288.6,292.2,306.0,311.0,325.9,341.2,353.3,361.7,351.5,338.9,331.4,323.8,317.9,319.5,331.8,336.7,351.1,365.3,381.9,390.0,386.4,371.9,369.7,368.9,371.2,376.3,383.9,391.3,397.1,401.5,415.4,420.8,422.3,405.9,402.6,401.8,405.5,412.1,419.4,428.5,438.0,447.9
MYS,Malaysia,109.5,109.8,109.9,109.9,110.0,110.2,110.3,110.5,110.7,111.3,111.9,111.8,110.6,109.9,110.9,111.9,112.3,113.0,113.9,113.9,113.6,114.1,114.8,114.8,114.5,114.5,113.8,114.3,114.6,114.8,115.1,115.6,115.3,115.7,116.9,116.9,118.2,119.7,119.6,119.3,119.1,118.9,118.8,119.9,120.3,120.0,120.8,120.9,121.3,121.3,120.9,120.9,121.1,119.6,119.8,120.0,120.5,120.7,121.0,121.1,120.5,120.8,121.1,121.1,121.4,121.4,121.5,121.8,121.8,122.0,122.1,122.3
NAM,Namibia,121.6,122.4,123.1,124.3,124.7,125.1,125.3,125.6,125.8,125.9,126.2,126.0,127.0,126.8,127.3,128.0,128.4,128.9,129.4,129.8,130.0,130.2,130.4,130.7,133.8,134.6,135.6,136.4,137.1,137.6,138.4,138.7,138.9,139.6,140.0,140.2,144.7,145.0,145.2,145.5,145.7,145.9,146.0,146.1,146.7,146.8,147.2,147.5,149.9,150.1,150.3,150.8,151.3,151.7,152.5,152.6,153.7,154.4,155.4,155.0,156.9,156.7,157.0,157.6,157.5,157.7,158.1,158.2,158.7,159.0,159.2,159.0
NCL,New Caledonia,97.0,96.9,96.7,96.7,96.8,97.1,97.0,97.2,97.3,97.4,97.4,97.6,97.3,97.0,97.2,96.9,96.9,97.4,97.4,97.8,97.8,97.6,97.6,97.6,97.6,97.1,97.5,97.4,97.1,97.3,97.6,97.8,97.7,97.4,97.4,98.2,98.5,97.9,98.5,98.7,99.1,99.3,99.1,99.4,98.8,98.7,98.8,99.4,99.3,99.1,99.3,99.6,99.6,99.1,99.6,99.9,99.4,99.8,99.8,100.1,99.8,99.3,99.1,99.1,99.6,99.5,99.8,99.6,99.1,99.3,99.3,99.6
NER,Niger,105.2,103.1,102.1,102.4,104.3,105.3,106.0,105.9,106.3,106.0,106.0,105.1,104.6,103.6,102.0,102.3,103.9,104.9,105.0,102.3,107.3,105.7,104.9,103.8,104.9,101.9,101.8,104.7,106.0,107.4,108.0,109.0,108.7,107.3,106.1,105.3,103.7,107.5,106.8,108.9,108.6,109.5,110.6,110.2,109.9,111.0,110.0,109.9,111.3,110.2,110.2,111.9,113.4,114.2,113.1,113.6,112.7,111.9,111.4,111.6,109.3,109.3,108.8,108.8,109.4,110.0,109.1,109.5,109.4,109.9,109.3,109.0
NGA,Nigeria,140.7,141.4,142.5,143.4,144.5,145.6,146.6,147.3,148.1,148.8,149.7,150.9,152.2,153.2,154.6,155.8,157.5,159.0,160.1,161.0,162.0,162.7,163.8,165.4,166.8,170.7,174.0,177.2,182.1,185.2,187.5,189.4,190.9,192.5,194.0,196.1,198.0,201.0,204.5,207.7,211.6,215.0,217.6,219.7,221.4,223.1,224.9,226.2,228.0,229.8,231.7,233.7,236.2,239.1,241.8,244.4,246.4,248.2,250.2,252.1,253.9,255.8,257.8,260.2,263.1,266.0,268.6,271.3,274.1,277.1,279.9,282.3
NIC,Nicaragua,127.8,128.6,128.6,129.2,130.4,132.1,132.8,133.2,133.1,133.3,135.2,135.1,134.7,135.7,136.2,136.5,137.2,137.2,136.9,136.9,136.8,137.4,137.9,139.2,139.0,140.3,141.2,141.4,142.2,142.1,142.5,142.0,141.6,142.0,142.4,143.6,144.4,145.5,145.7,146.2,146.3,146.4,147.0,147.0,147.4,148.2,150.0,151.7,152.2,152.5,152.7,153.2,154.1,154.7,154.6,154.2,155.0,155.8,156.6,157.6,157.2,157.6,160.5,162.0,163.3,163.4,164.0,163.9,163.7,164.3,165.6,167.3
NLD,Netherlands,98.2,98.6,99.4,99.8,99.5,99.2,100.0,100.0,100.0,99.8,99.3,99.0,98.2,98.7,99.8,100.4,100.6,100.2,101.0,100.7,100.5,100.4,99.8,99.7,98.7,99.3,100.3,100.4,100.6,100.3,100.8,100.9,100.6,100.8,100.5,100.7,100.3,101.1,101.4,102.0,101.7,101.4,102.1,102.3,102.0,102.2,102.0,102.0,101.8,102.3,102.5,103.1,103.4,103.1,104.3,104.4,104.0,104.3,104.1,104.0,104.0,105.0,105.4,106.1,105.9,105.8,106.9,107.4,106.7,107.2,106.7,106.8
NOR,Norway,96.6,97.1,97.3,97.7,97.8,97.5,98.3,97.9,98.5,98.6,98.6,98.6,98.6,98.9,99.2,99.6,99.8,100.1,100.1,99.9,100.6,101.0,101.3,100.9,101.5,102.1,102.5,102.9,103.2,103.8,104.5,103.9,104.2,104.7,104.9,104.4,104.3,104.7,105.0,105.2,105.4,105.8,106.1,105.3,105.9,106.0,106.1,106.1,106.0,107.0,107.3,107.7,107.8,108.5,109.3,108.9,109.5,109.3,109.8,109.8,109.3,110.2,110.4,110.8,110.5,110.6,111.4,110.6,111.1,111.3,111.6,111.3
NPL,Nepal,135.5,135.5,136.0,137.1,139.0,138.5,139.6,146.4,146.8,147.2,147.5,146.1,144.9,145.0,145.6,146.5,148.9,148.7,150.2,156.5,157.3,159.3,162.9,163.0,162.3,161.4,160.5,160.7,163.8,165.2,165.9,170.0,169.7,170.0,170.7,169.2,170.7,169.2,167.4,166.6,169.3,169.8,170.4,173.9,175.5,175.2,177.2,176.2,174.1,174.9,175.0,175.6,176.3,176.8,178.2,181.2,182.3,183.4,184.6,182.8,182.1,182.6,182.4,183.4,185.6,187.7,188.9,193.8,193.5,194.8,195.2,194.7
OMN,Oman,109.1,108.5,108.5,109.1,109.3,109.2,109.5,109.8,109.6,109.8,109.9,109.8,109.5,109.3,109.2,108.9,108.9,109.4,110.0,109.9,109.5,109.3,109.2,109.6,109.8,109.6,109.3,110.2,110.1,111.1,111.5,111.4,110.9,111.5,111.3,110.8,111.7,112.2,112.4,112.1,112.3,112.1,112.2,112.5,112.8,112.9,112.6,112.8,112.9,112.9,112.5,112.8,113.2,113.6,113.8,113.7,113.6,114.0,113.9,113.6,113.2,113.1,113.0,113.2,113.4,113.6,114.1,114.3,113.6,113.8,113.7,113.4
PAK,Pakistan,137.6,137.1,138.5,140.8,140.4,141.3,143.7,144.2,144.7,145.0,144.2,142.8,142.9,141.6,141.9,143.8,144.9,145.8,146.3,146.8,146.6,147.3,148.2,147.3,147.7,147.3,147.5,149.8,149.5,150.4,152.4,152.0,152.3,153.5,153.8,152.8,153.1,153.5,154.8,157.0,157.0,156.3,156.9,157.2,158.2,159.4,159.9,159.8,159.8,159.3,159.8,162.7,163.6,164.5,166.0,166.4,166.3,170.2,170.3,169.6,171.3,172.4,174.9,177.1,178.5,179.1,183.2,186.2,187.6,191.0,193.6,192.9
PAN,Panama,118.1,118.7,119.2,119.8,120.0,120.5,119.5,119.6,120.0,119.9,119.5,119.0,119.1,118.2,119.2,119.8,120.4,120.5,120.6,120.1,119.6,119.4,119.4,119.3,119.5,119.6,119.9,120.5,120.7,120.6,120.7,120.7,121.0,121.1,121.0,121.1,121.4,121.8,121.7,121.7,121.7,121.4,121.2,121.5,121.9,121.7,121.4,121.7,121.9,122.2,122.4,122.6,122.6,122.8,122.8,122.9,122.8,122.9,122.4,121.8,121.5,121.6,122.1,122.5,122.6,122.2,122.4,122.1,122.0,122.0,122.0,121.8
PER,Peru,111.7,112.3,112.9,113.4,113.7,113.9,114.3,114.2,114.5,115.0,114.9,115.0,115.3,115.6,116.4,116.8,117.3,117.6,118.1,118.6,118.7,118.8,119.3,119.8,120.3,120.5,121.2,121.2,121.4,121.6,121.8,122.1,122.4,123.0,123.3,123.8,124.1,124.5,126.1,126.1,125.4,125.2,125.5,126.3,126.3,125.7,125.5,125.6,125.9,126.2,126.9,126.7,126.8,127.2,127.7,127.9,128.2,128.3,128.5,128.8,128.8,129.0,129.9,130.2,130.3,130.2,130.5,130.7,130.7,130.9,131.0,131.2
PHL,Philippines,113.5,113.6,113.5,113.8,114.2,114.7,115.3,115.5,115.7,115.6,115.4,115.1,115.2,115.3,115.2,115.4,115.3,115.3,115.5,115.5,115.3,115.4,115.7,116.0,116.1,115.8,115.8,116.2,116.4,116.8,117.0,117.0,117.2,117.5,118.1,118.5,119.0,119.4,119.4,119.8,119.7,119.7,119.8,120.0,120.8,121.1,121.7,122.0,123.1,124.0,124.6,125.1,125.3,125.9,126.9,128.0,129.3,129.5,129.1,128.4,128.5,128.6,128.8,129.1,129.4,129.3,129.7,129.8,129.9,130.3,130.7,131.4
POL,Poland,101.1,101.2,101.3,101.3,101.2,101.2,101.0,100.6,100.6,100.6,100.4,100.1,100.0,99.9,100.0,100.4,100.4,100.4,100.4,100.0,99.6,99.7,99.6,99.5,99.0,98.9,99.0,99.3,99.4,99.6,99.2,99.1,99.1,99.6,99.6,100.4,100.8,101.1,101.0,101.3,101.3,101.2,101.0,100.9,101.3,101.8,102.3,102.6,102.9,102.6,102.6,103.1,103.3,103.4,103.1,103.1,103.4,103.8,103.8,103.8,103.5,103.9,104.3,105.4,105.7,106.0,106.0,106.0,106.0,106.2,106.3,107.1
PRT,Portugal,98.7,98.4,99.8,100.0,99.9,100.0,99.3,99.1,99.6,99.9,99.7,99.7,98.3,98.2,100.1,100.4,100.8,100.8,100.0,99.7,100.5,100.6,100.4,100.1,99.1,98.6,100.5,100.9,101.2,101.3,100.6,100.4,101.1,101.5,101.0,101.0,100.4,100.2,101.9,102.9,102.7,102.2,101.6,101.6,102.5,102.9,102.5,102.5,101.4,100.7,102.6,103.3,103.7,103.8,103.2,102.8,104.0,103.9,103.4,103.2,101.9,101.7,103.5,104.1,104.2,104.2,102.8,102.7,103.8,103.9,103.7,103.6
PRI,Puerto Rico,116.5,116.3,116.9,117.0,116.9,117.4,117.9,117.5,117.5,117.7,117.2,116.3,115.4,115.0,115.6,115.5,115.8,115.9,117.6,117.5,116.9,116.8,116.6,116.1,116.0,115.5,114.9,115.2,115.3,116.1,116.0,115.9,116.0,116.3,116.5,116.6,116.8,117.4,117.3,117.4,118.0,118.3,117.9,118.2,118.9,118.9,118.0,118.0,119.0,119.2,119.1,119.2,119.2,119.5,119.9,119.9,119.9,119.5,119.3,118.7,118.2,118.4,118.9,119.7,119.9,120.3,120.2,120.4,119.9,119.5,119.6,119.3
PRY,Paraguay,119.3,120.1,120.8,121.3,121.6,121.5,121.1,120.7,120.7,120.9,121.8,122.7,123.4,124.0,123.9,123.8,125.6,124.5,125.4,125.4,125.2,124.8,125.4,126.5,129.8,130.4,129.8,129.3,130.0,130.3,129.1,129.3,129.6,129.3,130.7,131.5,132.3,133.4,133.4,134.0,134.4,134.1,134.2,134.6,135.0,135.7,136.7,137.4,138.5,138.9,138.9,138.9,139.1,140.0,139.6,139.9,140.4,141.3,142.2,141.8,141.8,142.6,142.8,143.2,144.3,144.0,143.9,143.7,144.1,144.7,145.0,145.8
PSE,West Bank and Gaza,109.6,109.4,109.3,108.5,107.6,108.0,109.6,110.2,110.4,109.8,109.9,110.6,110.2,109.7,110.4,111.3,110.8,110.9,110.4,110.7,112.1,112.2,111.5,111.7,111.0,110.7,110.7,111.0,110.5,110.7,110.8,111.2,111.3,110.3,110.2,110.5,110.7,111.4,112.5,112.0,111.0,110.0,109.8,110.4,111.1,111.4,110.9,110.5,110.4,110.3,110.2,110.5,110.1,111.1,111.1,111.1,111.0,111.5,111.1,110.9,110.8,110.8,111.7,112.7,113.2,112.6,112.8,113.2,113.6,113.2,112.9,112.6
QAT,Qatar,108.4,109.0,109.4,109.9,110.5,110.2,110.5,111.5,111.4,111.5,111.6,110.7,111.2,111.3,111.3,111.3,112.0,112.1,112.7,112.8,113.2,113.4,113.7,113.6,114.3,114.9,114.9,115.0,114.9,114.9,115.9,116.1,116.3,115.9,116.0,115.7,115.7,115.8,116.0,115.8,115.0,115.9,116.1,115.7,115.8,116.1,116.2,116.3,116.7,116.7,116.4,115.9,115.6,116.1,116.3,116.6,115.7,115.8,115.9,116.0,114.9,115.1,115.1,115.6,115.0,115.5,115.3,116.7,115.8,114.8,115.1,115.6
ROU,Romania,114.6,115.0,115.0,115.3,115.3,115.0,114.9,114.6,114.7,114.9,114.7,114.6,115.1,115.5,115.9,116.1,116.6,113.2,113.0,112.4,112.7,113.0,113.4,113.5,112.6,112.4,112.5,112.3,112.6,112.4,112.1,112.2,112.1,112.6,112.6,112.9,112.7,112.6,112.7,113.0,113.3,113.4,113.7,113.5,114.1,115.5,116.3,116.6,117.6,117.9,118.2,118.9,119.4,119.5,118.9,119.2,119.8,120.4,120.3,120.5,121.5,122.4,123.0,123.8,124.3,124.0,123.8,123.9,124.0,124.5,124.8,125.3
RUS,Russian Federation,125.6,126.5,127.7,128.9,130.1,130.9,131.5,131.8,132.7,133.8,135.5,139.0,144.4,147.6,149.4,150.1,150.6,150.9,152.1,152.6,153.5,154.6,155.8,157.0,158.5,159.5,160.2,160.9,161.6,162.2,163.0,163.0,163.3,164.0,164.8,165.4,166.4,166.8,167.0,167.6,168.2,169.2,169.3,168.4,168.2,168.5,168.9,169.6,170.1,170.5,171.0,171.6,172.3,173.1,173.6,173.6,173.9,174.5,175.3,176.8,178.6,179.4,180.0,180.5,181.1,181.2,181.5,181.1,180.8,181.0,181.6,182.2
RWA,Rwanda,119.6,121.0,124.3,124.5,124.2,123.9,123.7,124.4,124.8,124.5,122.7,121.2,120.0,121.3,123.5,126.0,126.1,125.2,125.0,127.1,129.4,131.2,132.0,129.4,127.9,128.7,130.7,131.6,131.7,133.0,134.8,136.7,139.0,143.2,144.0,143.7,143.2,145.9,147.7,148.6,147.1,145.6,145.6,146.5,148.8,150.8,146.3,143.4,143.4,144.1,145.6,148.4,149.7,147.7,146.6,147.3,147.2,145.6,144.9,143.6,143.6,143.5,146.6,147.9,149.1,149.0,148.8,151.5,154.0,156.1,162.0,160.7
SAU,Saudi Arabia,114.2,114.5,114.5,115.1,115.2,115.2,115.4,115.6,115.6,115.8,115.9,115.9,115.9,116.0,116.2,116.2,116.4,116.5,116.7,116.7,116.9,117.1,117.3,117.3,118.9,119.0,119.2,119.2,119.1,119.2,119.4,119.1,119.1,119.0,118.8,118.4,118.2,118.4,118.3,118.4,118.2,118.5,118.5,118.2,118.2,117.6,116.8,117.1,122.0,121.8,121.7,121.3,121.1,121.3,121.1,120.9,120.7,120.1,119.8,119.4,118.1,117.9,117.8,117.8,117.9,118.1,118.5,118.7,119.0,119.0,118.9,119.1
SDN,Sudan,265.3,268.7,271.6,278.6,285.4,298.2,312.5,321.8,319.9,320.0,322.5,326.2,328.9,330.4,334.6,337.7,341.8,352.6,356.5,358.2,363.2,362.8,363.8,367.3,369.9,373.2,373.7,381.1,389.6,403.1,415.3,423.2,429.8,434.0,471.0,479.2,491.4,498.4,503.3,513.7,528.0,534.6,557.4,569.6,580.8,577.5,587.6,599.7,748.7,769.2,783.2,809.9,849.7,875.9,913.9,950.2,979.4,972.7,992.7,1037.1,1074.1,1109.9,1138.8,1170.7,1231.7,1294.5,1394.5,1455.1,1503.7,1534.0,1595.0,1628.4
SEN,Senegal,106.0,104.5,104.0,103.3,102.3,102.4,103.1,104.9,105.7,106.5,105.5,105.4,103.4,103.2,102.6,102.6,102.9,103.1,104.4,105.0,106.5,108.5,107.1,105.8,104.9,104.6,104.0,103.4,103.0,103.7,104.6,106.3,107.8,108.2,107.3,108.0,106.8,106.7,106.5,105.5,104.8,105.1,106.7,108.4,108.4,108.7,107.5,107.3,107.2,108.3,106.6,106.6,105.3,104.2,106.3,108.7,109.5,108.8,108.1,108.7,107.9,108.2,107.5,107.8,107.8,108.3,108.6,110.7,111.1,111.5,111.2,110.4
SGP,Singapore,113.8,113.8,114.1,113.7,114.0,113.8,113.5,114.1,113.9,113.6,113.8,113.6,113.4,113.5,113.8,113.1,113.6,113.5,113.1,113.2,113.2,112.7,112.9,112.9,112.7,112.5,112.6,112.5,111.8,112.6,112.3,112.9,112.9,112.6,112.9,113.1,113.3,113.3,113.3,113.0,113.4,113.2,112.9,113.3,113.3,113.0,113.6,113.5,113.3,113.8,113.6,113.1,113.8,113.8,113.7,114.2,114.1,113.8,114.0,114.0,113.7,114.4,114.4,114.1,114.8,114.4,113.9,114.6,114.6,114.3,114.7,114.9
SLB,Solomon Islands,121.5,124.8,125.1,130.0,129.7,129.2,128.5,125.9,126.5,125.6,123.8,122.9,124.5,122.7,123.0,123.0,122.8,124.6,126.5,127.7,126.8,128.0,128.0,127.2,128.1,128.1,128.4,128.2,127.1,125.9,125.5,124.7,124.1,124.2,123.8,124.4,124.9,125.4,127.4,127.5,127.9,127.4,127.3,126.8,126.0,126.1,126.1,127.0,129.2,131.9,131.6,131.6,130.4,130.2,130.4,130.7,131.6,131.3,131.7,131.8,132.3,131.4,133.1,132.0,132.0,132.0,133.0,133.1,133.6,135.0,135.4,135.4
SLE,Sierra Leone,123.7,124.1,124.3,124.6,124.9,125.1,125.5,126.7,126.9,127.2,127.4,127.8,129.3,129.7,131.3,131.8,133.2,133.7,134.0,136.3,136.6,137.2,137.6,138.5,140.2,141.0,141.6,143.2,145.1,146.3,148.5,150.6,152.0,154.4,158.6,162.7,166.3,169.0,170.3,171.6,172.5,174.3,176.1,177.7,179.1,180.4,184.4,187.6,190.8,193.3,195.6,197.6,200.1,203.2,207.3,210.1,210.9,209.4,215.0,214.3,218.1,220.5,224.6,230.3,230.1,233.0,238.2,242.5,242.9,242.6,243.1,244.1
SLV,El Salvador,108.3,108.5,108.8,108.3,108.5,109.0,109.6,109.8,109.7,109.8,109.2,108.3,107.5,107.4,107.9,107.9,108.1,108.1,108.0,107.6,107.2,109.6,109.5,109.4,109.5,109.2,109.1,108.9,108.9,109.0,108.9,108.7,108.3,108.6,108.6,108.4,109.2,109.5,109.7,109.8,110.0,110.1,110.0,109.9,110.0,110.2,110.4,110.6,110.7,110.8,110.7,110.8,110.9,111.0,111.2,111.5,111.5,111.8,111.6,111.1,111.0,111.2,111.5,111.7,111.8,111.6,111.3,110.9,110.8,110.8,111.0,111.1
SRB,Serbia,130.7,130.8,130.4,131.1,131.2,131.3,131.2,131.0,131.8,131.6,131.6,131.0,130.7,131.8,132.8,133.5,133.1,133.8,132.6,133.7,133.7,133.4,133.3,133.1,133.8,133.7,133.6,134.1,134.2,134.2,134.2,135.3,134.5,135.5,135.3,135.1,137.1,138.0,138.3,139.4,138.7,139.0,138.5,138.7,138.8,139.2,139.1,139.2,139.6,140.1,140.3,140.9,141.7,142.2,141.8,142.2,141.8,142.2,141.8,141.9,142.5,143.5,144.1,145.2,144.8,144.4,144.1,144.1,143.4,143.6,143.8,144.6
SSD,South Sudan,224.3,211.8,205.8,203.7,202.7,209.3,212.4,224.4,213.8,205.6,263.5,228.6,221.4,229.9,234.0,250.8,280.5,337.4,322.6,356.1,409.0,402.2,457.4,479.8,586.6,695.5,807.9,918.9,1108.1,968.3,1772.6,1871.7,2655.9,2393.2,2548.6,2781.3,2767.6,3657.7,3268.6,3424.0,4808.9,4472.9,4510.9,4959.5,5361.3,5550.4,6168.5,6054.1,6228.4,7779.1,8537.6,9814.2,8841.4,8432.5,10057.1,8667.4,7991.4,7870.8,8234.7,8479.6,10730.7,12346.2,13909.1,14909.0,15699.1,15709.7,17280.7,17999.8,20563.6,21290.0,14222.5,14329.7
STP,Sao Tome and Principe,142.3,143.0,143.3,144.5,145.7,146.5,146.9,147.1,147.5,148.6,149.3,151.0,151.4,151.9,152.6,153.3,153.6,153.9,154.3,154.5,154.6,155.0,155.8,157.0,158.2,158.5,159.8,162.4,163.1,162.4,162.8,163.0,163.5,164.1,165.4,165.1,165.7,166.2,167.5,169.5,168.8,171.7,174.5,173.6,174.0,174.8,175.2,177.7,178.4,179.0,179.6,180.5,181.2,183.1,184.0,186.7,190.1,192.7,192.0,193.8,193.2,195.5,196.0,196.8,197.5,198.7,199.0,199.7,200.3,202.0,205.0,208.8
SUR,Suriname,128.1,128.5,128.8,128.9,129.2,129.9,131.6,131.6,131.5,132.0,131.7,131.3,131.0,131.5,132.3,132.4,134.1,136.6,137.6,137.3,137.2,137.5,158.9,164.3,169.7,174.7,180.8,197.6,211.2,219.6,223.4,230.7,242.6,246.2,249.8,250.2,252.1,253.5,256.1,258.6,259.8,263.0,266.5,268.0,270.9,272.8,272.8,273.4,275.1,277.8,278.3,278.9,,,282.5,284.6,285.8,287.1,287.7,288.3,290.0,289.8,289.8,291.7,293.1,294.0,294.8,295.9,297.3,299.2,300.1,300.5
SVK,Slovakia,100.3,100.3,100.2,100.3,100.5,100.6,100.5,100.3,100.3,100.4,100.3,100.0,99.9,99.8,99.9,100.1,100.5,100.5,100.3,100.1,99.8,99.8,99.8,99.5,99.3,99.4,99.4,99.7,99.6,99.7,99.4,99.2,99.3,99.5,99.7,99.7,100.0,100.5,100.3,100.5,100.7,100.7,100.8,100.8,100.9,101.2,101.6,101.6,102.4,102.6,102.8,103.4,103.4,103.5,103.4,103.6,103.7,103.8,103.7,103.6,104.7,104.9,105.5,105.8,106.1,106.2,106.3,106.6,106.7,106.6,106.8,106.6
SVN,Slovenia,99.4,99.5,100.3,100.8,101.4,101.5,100.4,100.4,100.7,100.9,100.7,100.2,98.9,99.2,100.0,100.1,100.9,100.8,100.0,100.1,100.0,100.1,100.2,99.8,98.4,98.4,99.2,99.5,100.5,101.0,100.2,100.2,100.2,100.7,100.8,100.3,99.7,100.6,101.0,101.3,102.0,102.0,101.2,101.4,101.6,101.7,102.0,102.0,101.2,101.9,102.2,102.9,104.1,104.1,103.1,103.2,103.6,104.0,104.1,103.5,102.3,103.1,103.8,104.6,105.6,105.9,105.2,105.6,105.4,105.4,105.5,105.3
SWE,Sweden,99.4,99.8,99.8,100.2,100.2,100.4,100.1,100.0,100.2,100.2,100.1,100.2,99.2,99.9,100.0,99.9,100.3,100.0,100.0,99.8,100.2,100.3,100.1,100.3,99.9,100.3,100.8,100.7,100.9,101.0,101.1,101.0,101.1,101.5,101.5,102.0,101.3,102.0,102.0,102.6,102.7,102.8,103.3,103.1,103.3,103.2,103.4,103.8,102.9,103.7,104.0,104.4,104.6,104.9,105.4,105.2,105.7,105.5,105.4,105.9,104.9,105.6,105.9,106.6,106.9,106.7,107.2,106.7,107.2,107.2,107.3,107.8
SWZ,Eswatini,124.4,126.1,126.9,128.0,128.4,128.5,130.1,130.5,131.1,131.3,131.6,131.4,131.3,132.4,132.9,134.3,135.3,135.8,136.4,136.7,137.1,137.3,137.6,137.9,138.7,142.1,143.2,145.8,146.1,146.1,146.5,147.7,148.4,148.6,149.5,149.9,150.1,151.7,151.8,156.0,156.5,156.1,156.4,156.4,156.4,156.6,156.7,156.9,157.0,157.8,157.8,163.5,163.9,163.8,164.0,164.1,164.3,164.8,165.0,165.1,164.9,165.9,166.1,166.5,166.5,166.6,166.8,167.3,167.5,167.4,168.0,168.4
SYC,Seychelles,116.1,115.8,116.3,116.5,116.0,116.2,116.4,116.3,116.2,116.4,115.9,116.4,119.4,120.1,123.1,120.7,120.6,121.2,121.3,121.7,121.5,120.6,120.5,120.1,119.3,119.4,119.1,119.4,119.2,119.5,120.5,119.7,120.2,120.0,120.0,119.8,121.1,121.1,121.4,122.1,122.9,123.9,124.3,124.4,124.1,124.2,123.6,124.0,126.5,127.1,127.0,127.2,127.4,127.6,128.2,127.9,128.2,128.4,128.2,128.2,129.5,129.7,129.6,129.8,130.0,130.0,130.1,130.2,130.0,131.7,131.3,131.7
SYR,Syrian Arab Republic,,,,,,,,,,,,,,,,,,,,,,,,,,,,,,,,,,,,,,,,,,,,,,,,,,,,,,,,,,,,,,,,,,,,,,,,
TCD,Chad,112.3,108.9,108.3,109.7,110.2,112.4,115.4,111.9,111.3,112.8,113.7,114.6,115.5,113.7,111.1,111.1,114.4,117.7,118.2,119.3,120.6,121.4,118.9,118.3,117.2,115.4,114.7,115.0,115.0,116.2,119.1,117.9,116.6,115.4,113.7,113.0,111.3,111.9,112.2,112.2,113.4,114.6,115.7,115.9,115.6,115.3,114.8,114.8,114.0,113.0,112.5,114.8,123.0,122.5,121.9,120.3,121.9,121.5,121.1,119.8,116.9,116.9,115.5,115.8,118.9,120.8,118.4,117.6,118.4,117.5,117.7,117.8
TGO,Togo,106.9,108.1,108.3,109.3,109.5,109.4,109.3,108.1,106.9,108.0,107.8,108.9,109.9,108.4,109.2,109.8,112.0,112.6,113.1,112.1,112.1,111.0,111.4,112.5,112.6,112.8,113.2,113.9,115.0,115.8,114.4,111.6,110.3,109.5,110.9,111.5,110.6,110.5,111.3,111.9,113.3,114.0,112.6,112.1,110.7,109.9,110.3,110.9,111.1,111.1,111.0,113.6,115.3,114.3,113.5,112.7,111.4,111.2,112.3,113.1,113.9,113.4,113.2,113.2,114.8,115.7,114.3,112.4,111.8,111.6,112.7,112.7
THA,Thailand,110.5,110.8,111.0,111.6,112.0,111.9,111.8,111.7,111.5,111.4,111.3,110.7,110.1,110.2,110.4,110.4,110.6,110.7,110.6,110.4,110.3,110.5,110.2,109.8,109.5,109.6,109.9,110.5,111.1,111.1,110.7,110.7,110.7,110.9,110.9,111.0,111.2,111.2,110.7,110.9,111.1,111.1,110.9,111.1,111.7,111.9,111.9,111.9,111.9,111.7,111.6,112.1,112.7,112.6,112.5,112.8,113.2,113.2,113.0,112.3,112.2,112.5,113.0,113.5,114.0,113.6,113.7,113.4,113.5,113.4,113.2,113.2
TJK,Tajikistan,127.6,128.7,130.1,131.8,132.6,132.8,133.0,134.0,134.2,134.8,135.3,136.0,136.8,136.9,138.0,139.0,139.4,139.5,139.7,140.4,140.9,141.7,142.5,143.1,145.1,145.8,146.1,146.7,147.0,147.4,148.3,149.5,150.1,150.4,151.3,151.7,152.6,154.3,156.6,158.5,159.6,160.6,161.2,160.7,160.1,160.7,161.2,161.7,162.4,162.2,160.6,161.4,162.3,163.2,164.9,166.3,168.1,169.3,170.0,170.5,171.5,172.5,173.0,174.8,176.5,177.2,178.8,180.4,181.5,181.7,182.8,184.2
TLS,Timor-Leste,142.4,142.4,142.6,142.7,141.6,141.1,141.4,141.6,141.9,142.0,142.2,142.4,143.3,143.5,143.6,143.5,143.2,143.3,143.2,142.9,142.7,142.6,142.2,141.6,141.9,141.0,141.1,140.8,140.6,140.6,140.4,140.3,140.6,140.6,140.8,141.6,141.4,141.3,141.6,141.6,141.7,141.7,141.7,141.3,141.0,141.4,141.9,142.4,143.5,143.9,144.2,145.2,145.2,145.0,145.2,144.9,145.0,145.0,145.3,145.5,145.9,146.1,146.2,146.2,146.4,146.4,146.1,146.2,146.5,145.9,145.8,147.1
TON,Tonga,111.4,112.1,113.4,113.3,112.2,110.4,110.3,111.1,109.8,109.6,109.7,109.2,111.5,110.7,108.8,111.5,111.4,110.6,112.1,110.1,107.8,108.2,107.7,108.0,110.0,110.4,110.3,110.5,110.3,110.8,114.0,115.7,115.4,114.8,114.9,115.2,115.9,120.2,120.7,121.3,121.7,122.6,122.3,122.1,122.0,121.8,121.2,122.1,123.1,124.4,126.6,126.9,126.1,126.1,129.3,129.5,128.7,129.6,129.1,127.9,128.3,128.6,129.2,127.0,128.2,128.4,128.7,129.3,129.2,129.8,129.2,129.5
TTO,Trinidad and Tobago,122.7,124.2,125.3,125.6,126.0,126.2,127.1,129.0,128.2,131.2,133.4,133.2,131.9,131.9,131.9,132.9,133.0,133.3,134.2,134.2,134.4,135.4,135.2,135.2,135.1,136.4,136.3,137.5,137.5,137.7,138.1,138.3,138.6,138.8,139.1,139.5,140.0,140.0,140.0,140.0,139.9,139.9,140.0,140.2,140.2,141.0,141.4,141.3,141.2,141.3,141.2,141.6,141.3,141.2,141.7,141.7,141.8,142.5,142.9,142.8,143.1,143.0,143.3,142.9,142.9,142.8,143.3,143.4,143.4,143.4,143.3,143.3
TUN,Tunisia,116.9,116.6,116.6,117.3,118.1,118.6,119.7,119.9,120.2,120.9,121.3,121.8,122.7,122.8,122.7,123.4,123.7,124.0,124.2,124.4,124.9,126.0,126.2,126.4,126.8,126.6,126.6,127.3,128.0,128.5,128.7,128.9,130.0,131.0,131.3,131.8,132.7,132.5,132.7,133.7,134.2,134.6,135.9,136.4,137.2,138.4,139.4,139.9,141.6,141.4,142.3,143.7,144.3,145.0,145.8,146.4,147.2,148.8,149.7,150.4,151.6,151.7,152.4,153.6,154.4,154.9,155.2,156.1,157.1,158.3,159.1,159.5
TUR,Turkey,89.6,90.0,91.0,92.2,92.6,92.9,93.3,93.4,93.5,95.3,95.5,95.1,96.1,96.8,97.9,99.5,100.1,99.6,99.7,100.1,101.0,102.5,103.2,103.4,105.3,105.3,105.3,106.1,106.7,107.2,108.4,108.1,108.3,109.9,110.4,112.3,115.0,116.0,117.1,118.7,119.2,118.9,119.1,119.7,120.5,123.0,124.8,125.6,126.9,127.9,129.1,131.5,133.7,137.2,137.9,141.1,150.0,154.0,151.8,151.2,152.8,153.0,154.6,157.2,158.7,158.7,160.9,162.3,163.9,167.2,167.8,169.0
TWN,"Taiwan, China",94.2,93.8,94.0,94.6,94.8,95.3,95.2,95.6,95.6,95.7,94.8,94.5,93.3,93.6,93.4,93.8,94.1,94.7,94.6,95.2,95.9,96.0,95.3,94.6,94.1,95.9,95.3,95.6,95.2,95.6,95.8,95.8,96.2,97.6,97.2,96.2,96.2,95.8,95.5,95.7,95.8,96.5,96.5,96.7,96.7,97.3,97.5,97.4,97.0,97.9,97.0,97.6,97.5,97.9,98.2,98.2,98.3,98.4,97.8,97.3,97.2,98.1,97.5,98.3,98.4,98.7,98.6,98.6,98.7,98.8,98.4,98.4
TZA,"Tanzania, United Rep.",146.8,148.8,149.7,150.7,150.1,149.2,149.3,149.5,150.1,149.9,150.7,151.1,152.6,155.0,156.1,157.4,158.1,158.3,159.0,159.0,159.2,159.4,160.7,161.4,162.6,163.8,164.6,165.4,166.3,167.0,167.1,166.7,166.4,166.6,168.4,169.6,171.0,172.7,175.1,176.0,176.4,176.1,175.7,175.1,175.1,175.0,175.9,176.3,177.8,179.4,181.9,182.7,182.8,182.1,181.5,180.8,181.0,180.5,181.1,182.0,183.0,185.1,187.6,188.6,189.3,188.9,188.3,187.3,187.1,187.0,187.9,189.0
UGA,Uganda,139.8,140.6,142.3,142.1,141.8,141.0,141.6,142.6,143.3,143.3,143.0,142.8,143.9,144.5,146.8,148.6,148.6,148.0,149.3,150.6,153.5,154.9,155.3,155.6,155.3,155.4,156.9,157.0,157.2,157.5,157.7,158.6,160.0,161.0,162.0,163.6,163.6,165.0,166.1,166.8,167.8,166.7,165.9,166.2,167.8,168.3,168.1,169.0,168.5,168.5,169.3,169.8,170.6,170.3,171.0,172.5,174.0,173.3,173.1,172.8,173.1,173.5,174.3,175.7,176.3,176.1,175.4,176.1,177.3,177.6,178.2,178.9
UKR,Ukraine,109.1,109.7,112.1,115.8,120.2,121.4,121.9,122.9,126.4,129.5,131.9,135.8,140.1,147.6,163.4,186.4,190.4,191.2,189.3,187.7,192.1,189.6,193.4,194.8,196.5,195.7,197.7,204.5,204.7,204.3,204.2,203.6,207.2,213.0,216.9,218.9,221.2,223.4,227.5,229.5,232.4,236.2,236.7,236.4,241.2,244.1,246.2,248.7,252.5,254.8,257.6,259.6,259.6,259.6,257.8,257.8,262.6,267.1,270.8,273.0,275.7,277.2,279.7,282.5,284.4,283.0,281.3,280.5,282.5,284.4,284.6,284.1
URY,Uruguay,133.3,135.6,136.4,136.3,136.7,137.2,138.2,139.2,140.6,141.5,141.7,140.9,144.0,145.6,146.6,147.5,148.2,148.9,150.7,152.4,153.5,154.4,155.1,154.2,158.0,160.5,162.2,162.9,164.5,165.2,165.8,166.7,167.2,167.5,167.6,166.7,171.1,171.9,173.1,173.4,173.7,173.9,174.5,175.8,176.8,177.6,178.2,177.6,182.5,184.1,184.6,184.7,186.2,188.0,189.2,190.4,191.4,191.8,192.5,191.8,195.9,197.9,198.9,199.8,200.6,201.9,203.4,205.2,206.3,207.8,208.7,208.6
USA,United States,98.7,99.1,99.7,100.0,100.4,100.6,100.5,100.4,100.4,100.2,99.6,99.1,98.6,99.0,99.6,99.8,100.3,100.7,100.7,100.5,100.4,100.3,100.1,99.8,100.0,100.0,100.5,100.9,101.4,101.7,101.5,101.6,101.9,102.0,101.8,101.9,102.5,102.8,102.9,103.2,103.3,103.3,103.3,103.6,104.1,104.1,104.1,104.0,104.6,105.1,105.3,105.7,106.1,106.3,106.3,106.4,106.5,106.7,106.3,106.0,106.2,106.6,107.3,107.8,108.0,108.1,108.3,108.2,108.3,108.6,108.5,108.4
UZB,Uzbekistan,150.9,152.3,153.2,154.8,156.8,157.2,157.1,158.1,159.8,161.2,163.0,164.9,166.4,167.7,168.6,169.8,171.1,170.7,170.2,170.5,172.4,174.1,175.6,177.3,180.2,181.7,182.6,183.7,184.1,183.7,182.7,183.0,185.7,188.3,191.2,194.7,197.6,200.5,202.5,204.5,207.2,208.7,210.5,212.2,215.0,217.6,222.2,231.3,237.4,240.0,242.6,244.6,246.5,245.5,244.8,245.6,249.9,253.1,258.9,264.3,268.2,272.4,275.6,278.2,280.2,278.9,277.9,285.9,289.8,294.2,299.3,304.4
VCT,St. Vincent and the Grenadines,107.0,106.5,106.7,107.2,106.6,106.7,107.2,107.6,106.9,106.9,107.4,106.6,106.8,105.3,104.8,104.9,104.7,104.8,105.5,105.6,105.1,104.7,104.7,104.4,104.0,103.9,104.1,103.8,104.6,105.7,105.6,105.6,105.7,105.4,105.6,105.4,106.0,105.7,105.6,106.8,107.5,107.2,107.7,107.6,107.6,107.7,108.0,108.5,108.8,108.6,108.8,109.6,109.7,109.8,109.9,110.0,110.1,110.2,110.1,110.0,110.6,110.1,110.3,110.7,110.2,110.8,111.0,111.0,110.7,110.7,111.1,110.5
VGB,British Virgin Islands,,,,,,,,,,,,,,,,,,,,,,,,,0.2,0.7,0.8,0.3,0.3,1.2,1.4,1.4,1.2,1.7,2.0,1.7,2.0,1.8,1.4,1.7,1.4,1.3,0.6,0.7,1.1,1.0,0.3,1.0,1.1,1.1,1.8,1.8,2.1,1.8,1.9,1.9,2.9,2.9,3.0,2.5,1.8,2.1,1.6,2.0,1.9,1.3,1.7,1.8,0.7,0.6,0.6,0.4
VEN,"Venezuela, RB",272.1,278.5,289.8,306.3,323.8,338.1,352.1,366.0,383.4,402.7,421.4,443.7,478.3,501.7,528.7,562.3,607.2,666.9,738.7,830.3,926.1,1031.4,1146.2,1246.4,1361.9,1480.6,1636.6,1872.0,2217.9,2643.7,2874.0,3079.4,3364.1,3633.5,4053.7,4665.8,,,,,,,,,,,,,,,,,,,,,,,,,,,,,,,,,,,,
VNM,Vietnam,142.5,143.3,142.6,142.8,143.0,143.5,143.8,144.1,144.7,144.9,144.5,144.1,143.8,143.8,144.0,144.2,144.4,144.9,145.1,145.0,144.7,144.9,145.0,145.0,145.0,145.6,146.4,146.9,147.7,148.4,148.6,148.7,149.5,150.8,151.5,151.8,152.5,152.9,153.2,153.2,152.4,152.1,152.3,153.7,154.6,155.3,155.5,155.8,156.6,157.7,157.3,157.4,158.3,159.3,159.1,159.8,160.8,161.3,160.8,160.4,160.6,161.9,161.5,162.0,162.8,162.7,163.0,163.4,164.0,164.9,166.5,168.8
WSM,Samoa,106.7,106.2,107.9,106.7,106.9,107.5,107.1,106.9,106.7,108.6,108.7,111.6,110.8,109.5,108.3,109.7,107.6,107.9,109.6,106.9,105.7,107.7,108.2,109.0,113.4,108.6,108.1,108.0,108.8,110.3,112.3,110.4,110.0,109.1,108.8,109.8,110.2,110.4,109.7,109.4,110.4,111.4,112.3,113.2,112.5,113.2,114.0,114.0,114.8,114.3,113.6,114.3,116.6,117.9,119.1,118.8,118.0,118.4,115.7,115.4,113.5,114.3,116.2,116.0,117.3,117.8,119.6,119.5,119.6,119.4,119.2,118.3
XKX,Kosovo,112.9,112.8,113.0,112.1,112.0,112.1,112.2,112.3,112.5,112.6,112.3,112.0,112.2,112.5,112.6,111.7,111.5,111.7,111.4,111.5,111.1,111.8,111.9,111.8,112.3,112.6,112.7,111.6,111.4,111.3,111.4,111.6,111.8,112.8,112.9,113.3,114.2,114.4,114.4,114.0,113.1,113.5,113.2,113.5,113.6,113.8,113.9,113.9,114.0,114.4,114.5,114.5,114.2,114.4,114.6,115.1,115.3,115.5,116.2,117.1,117.6,118.0,118.2,118.4,118.1,117.8,117.6,118.2,118.1,118.0,118.2,118.5
YEM,"Yemen, Rep.",151.1,151.8,153.8,154.5,152.7,154.8,159.0,161.7,160.5,160.9,163.6,166.7,,,,,,,,,,,,206.5,,,,,,,,,,,,,,,,,,,,,,,,,,,,,,,,,,,,,,,,,,,,,,,,
ZAF,South Africa,92.5,93.4,94.7,95.2,95.5,95.7,96.5,96.8,96.8,97.0,97.0,96.8,96.7,97.4,98.6,99.5,99.7,100.2,101.0,101.1,101.1,101.4,101.5,101.8,102.6,104.1,104.9,106.0,106.1,106.7,107.6,107.5,107.6,108.2,108.6,109.0,109.6,110.9,111.4,111.5,111.8,112.1,112.2,112.3,112.9,113.3,113.3,113.8,114.4,115.0,115.6,116.3,116.7,116.9,117.9,117.7,118.4,119.0,119.1,119.0,118.8,119.8,120.7,121.4,121.8,122.2,122.6,122.9,123.3,123.3,123.4,123.7
ZMB,Zambia,126.0,126.6,128.2,129.1,130.2,130.8,131.8,132.6,133.0,133.1,133.7,134.7,135.7,136.0,137.4,138.3,139.2,140.0,141.1,142.3,143.3,152.2,159.8,163.1,165.2,167.1,168.0,168.5,168.9,169.5,169.6,170.2,170.3,171.2,173.8,175.3,176.8,178.5,179.1,179.8,179.9,181.0,180.8,181.0,181.5,182.2,184.7,186.0,187.8,189.4,191.9,193.1,194.0,194.5,195.0,195.5,195.9,197.3,199.1,200.6,202.7,204.2,206.4,207.9,209.7,211.3,212.2,213.8,216.4,218.4,220.6,224.1
ZWE,Zimbabwe,108.9,109.1,108.7,109.4,109.2,109.2,109.2,108.9,108.9,108.7,108.0,107.9,107.5,107.5,107.5,106.5,106.3,106.1,106.1,105.8,105.5,105.1,105.3,105.3,105.3,105.1,104.9,104.8,104.4,104.8,104.4,104.4,104.1,104.2,104.2,104.2,104.6,105.1,105.1,105.3,105.3,104.9,104.6,104.6,104.9,106.5,107.3,107.9,108.2,108.2,108.0,108.0,108.0,108.0,109.1,109.6,110.6,128.8,140.7,153.3,169.8,172.6,180.2,190.0,214.0,297.9,360.5,425.8,501.2,695.4,816.9,952.0
